question,ground_truth,retrieved_contexts,answer,hypothesis,config,embedding_model,llm_model,hyde,faithfulness
Apa saja penyebab penyakit aritmia?,"Aritmia terjadi ketika impuls listrik yang berfungsi mengatur detak jantung tidak bekerja dengan baik. Kondisi tersebut dapat disebabkan oleh sejumlah kondisi di bawah ini:\nKonsumsi obat pilek atau obat alergi\nSleep apnea\nHipertensi\nDiabetes\nGangguan elektrolit, seperti kelebihan atau kekurangan kalium, hiperkalemia, dan hipomagnesemia\nGangguan tiroid, misalnya hipertiroidisme\nKelainan katup jantung\nPenyakit jantung bawaan, seperti tetralogy of Fallot\nPenyakit jantung koroner\nSerangan jantung\nKardiomiopati\nTorsade de pointes\n\nSelain kondisi medis, aritmia juga dapat dipicu oleh gaya hidup yang tidak sehat, seperti:\nTidak dapat mengelola stres dengan baik\nKurang tidur\nMerokok\nMengonsumsi minuman beralkohol atau berkafein secara berlebihan\nMenyalahgunakan NAPZA","['Topik: Aritmia, Subtopik: Komplikasi Aritmia \n Pada beberapa kasus, aritmia dapat memburuk dan menyebabkan komplikasi serius, seperti:\n- Demensia\n- Penyakit Alzheimer\n- Stroke\n- Gagal jantung\n- Henti jantung mendadak\n- Kematian mendadak pada bayi (SIDS)\n', 'Topik: Aritmia, Subtopik: Pencegahan Aritmia \n Seperti telah dijelaskan di atas, banyak faktor yang bisa menyebabkan aritmia. Oleh karena itu, pencegahannya tergantung pada penyebab aritmia tersebut.\n', 'Topik: Aritmia, Subtopik: Pengertian Aritmia \n Aritmia adalah gangguan yang terjadi pada irama jantung. Penderita aritmia bisa merasakan irama jantungnya terlalu cepat, terlalu lambat, atau tidak teratur.\nSebenarnya, aritmia normal terjadi pada kondisi jantung yang sehat. Namun, bila terjadi terus menerus atau berulang, aritmia bisa menandakan adanya masalah pada organ jantung.\n\n']","Penyebab penyakit aritmia antara lain:\n- Gangguan pada sistem konduksi jantung, seperti peradangan atau kerusakan pada sel-sel otot jantung.\n- Penyakit degeneratif seperti hipertensi dan aterosklerosis yang menyebabkan penurunan fungsi pembuluh darah ke jantung.\n- Gangguan pada sistem saraf simpatis, seperti gangguan pada sistem saraf otonom, yang dapat mengganggu irama jantung.",None,combination_1,nomic-embed-text,llama3.1,False,0.0
Apa kelainan jantung yang diderita seseorang dengan torsade de pointes?,"Pada torsade de pointes, bilik jantung berdetak lebih cepat dan tidak selaras dengan denyut pada atrium. Perlu diketahui, denyut jantung manusia pada kondisi normal adalah 60−100 per menit. Sementara pada torsade de pointes, bilik jantung dapat berdenyut hingga 150–300 per menit.","['Topik: Torsade de Pointes, Subtopik: Pengertian Torsade de Pointes \n Torsade de pointes adalah kelainan jantung berupa kecepatan denyut pada bilik jantung (ventrikel) yang melebihi batas normal. Kondisi ini dapat disebabkan oleh kelainan bawaan atau efek samping obat-obatan. Jika tidak segera ditangani, torsade de pointes dapat menyebabkan henti jantung mendadak.\nJantung memiliki empat ruang utama yang dibagi menjadi dua, yaitu dua ruang bagian bawah (bilik jantung) dan dua ruang bagian atas (atrium). Kedua ruangan ini berfungsi untuk menerima dan memompa darah di jantung.\n\nPada torsade de pointes, bilik jantung berdetak lebih cepat dan tidak selaras dengan denyut pada atrium. Perlu diketahui, denyut jantung manusia pada kondisi normal adalah 60  100 per menit. Sementara pada torsade de pointes, bilik jantung dapat berdenyut hingga 150  300 per menit.\n', 'Topik: Torsade de Pointes, Subtopik: Pencegahan Torsade de Pointes \n Cara mencegah torsade de pointes adalah dengan menurunkan risiko terjadinya kondisi tersebut. Beberapa upaya yang dapat dilakukan adalah:\n- Hindari minum obat tanpa saran dari dokter.\n- Terapkan pola hidup yang sehat untuk menghindari serangan jantung.\n- Jaga kesehatan ginjal dengan minum air putih yang cukup, serta selalu jaga kadar gula darah.\n- Hentikan kebiasaan merokok.\n- Terapkan perilaku hidup bersih dan sehat (PHBS) untuk menghindari diare parah yang bisa mengakibatkan hipokalemia.\nSelain itu, ada beberapa langkah untuk menurunkan risiko terjadinya torsade de pointes yang disebabkan oleh kelainan jantung bawaan, yaitu:\n- Lakukan pemeriksaan jantung secara berkala jika menderita long QT syndrome atau memiliki keluarga dengan kondisi tersebut.\n- Konsultasikan dengan dokter sebelum melakukan aktivitas berat, seperti lari maraton.\n', 'Topik: Torsade de Pointes, Subtopik: Penyebab Torsade de Pointes: Congenital long QT syndrome \n Congenital long QT syndrome adalah kelainan bawaan yang menyebabkan gangguan aktivitas listrik pada bilik jantung. Sindrom ini dinamai demikian karena terjadi pemanjangan interval gelombang QRS ke T pada pemeriksaan rekam jantung (EKG).\nMakin sering seseorang mengalami pemanjangan interval QT, maka risiko terkena torsade de pointes makin tinggi.\n']",Kelainan jantung yang diderita seseorang dengan torsade de pointes adalah congenital long QT syndrome.,None,combination_1,nomic-embed-text,llama3.1,False,0.0
Jenis obat apa yang digunakan untuk meredakan gejala angina pectoris?,"Beberapa jenis obat yang dapat diberikan oleh dokter untuk meredakan gejala angina adalah:\n\nObat pengencer darah, seperti aspirin, clopidogrel, atau ticagrelor\nObat pelebar pembuluh darah golongan nitrat, seperti nitrogliserin dan isosorbide dinitrate, untuk melebarkan dan merelaksasi pembuluh darah, sehingga aliran darah ke jantung lebih baik\nObat penghambat beta, seperti atenolol,bisoprolol, atau carvedilol, untuk memperlambat denyut jantung dan membuat pembuluh darah lebih rileks sehingga mengurangi beban kerja jantung\nObat untuk mengontrol penyakit diabetes, kolesterol, dan hipertensi yang merupakan faktor risiko dari penyakit jantung koroner\nObat antiangina, seperti trimetazidine atau ranolazine, untuk mengurangi dan mencegah kejadian nyeri dada","['Topik: Angina Pectoris, Subtopik: Pengobatan Angina Pectoris: Prosedur medis \n Apabila angina pectoris tidak mereda setelah pemberian obat-obatan, dokter akan menganjurkan tindakan medis, seperti:\n- Pemberian suntikan antikoagulan, seperti fondaparinux\n\n- Pemasangan ring jantung, untuk melebarkan arteri yang menyempit dengan meletakkan kawat khusus (ring) yang berbentuk seperti tabung di pembuluh darah arteri jantung\n- Operasi bypass jantung, dengan mengambil pembuluh darah dari bagian tubuh lain, untuk membuat saluran aliran darah baru sebagai pengganti saluran aliran darah yang menyempit\nSelain menjalani pengobatan, pasien perlu menjalani pengobatan untuk berbagai faktor risiko penyakit jantung koroner penyebab angina, seperti hipertensi dan diabetes.\nPasien juga perlu melakukan perubahan gaya hidup untuk mencegah keluhan ini muncul kembali dan meningkatkan harapan hidup. Perubahan gaya hidup yang perlu dilakukan meliputi olahraga secara teratur, menerapkan pola makan yang sehat, berhenti merokok, dan beristirahat yang cukup.\n', 'Topik: Angina Pectoris, Subtopik: Gejala Angina Pectoris: Unstable angina \n Berbeda dengan dua jenis angina yang dijelaskan sebelumnya, Prinzmetal  s angina disebabkan oleh kekakuan di arteri jantung. Kondisi ini menyebabkan jumlah aliran darah menurun untuk sementara waktu.\nPrinzmetal  s angina merupakan jenis angina yang cukup jarang terjadi. Angina jenis ini biasanya muncul saat istirahat, di malam hari atau di pagi hari. Intensitas nyerinya cukup berat, tetapi biasanya mereda dengan pemberian obat-obatan.\n', 'Topik: Angina Pectoris, Subtopik: Pencegahan Angina Pectoris \n Angina pectoris dapat dicegah dengan menerapkan gaya hidup sehat. Upaya yang bisa diterapkan antara lain:\n- Berhenti merokok dan membatasi konsumsi minuman beralkohol\n- Berolahraga secara teratur dan menjaga berat badan ideal\n- Memperbaiki pola makan dengan mengonsumsi makanan rendah lemak dan garam, buah-buahan, sayur-sayuran, dan gandum utuh.\n- Menghindari konsumsi makanan tinggi lemak jenuh, seperti sosis dan daging berlemak, mentega, keju, dan makanan cepat saji\n- Mengelola stres dengan cara yang positif, bisa dengan yoga, meditasi, atau melakukan hobi yang menyenangkan\n- Memeriksakan diri ke dokter secara berkala jika menderita hipertensi, hiperkolesterolemia, atau diabetes\n- Mengonsumsi obat-obatan untuk menurunkan kejadian angina dalam jangka panjang, seperti amlodipine\n\n']","Jenis obat yang umum digunakan untuk meredakan gejala angina pectoris adalah nifedipin (brand name Procardia). Nifedipin termasuk dalam kelas zat bersifat relaxasi musculer, yang bekerja menghilangkan kekakuan pada arteri jantung sehingga aliran darah tidak terganggu. Obat ini sering digunakan untuk mengobati hipertensi dan mencegah angina pectoris akibat penyempitan arteri jantung.",None,combination_2,nomic-embed-text,deepseek-v2,False,0.0
Apa saja penyebab penyakit aritmia?,"Aritmia terjadi ketika impuls listrik yang berfungsi mengatur detak jantung tidak bekerja dengan baik. Kondisi tersebut dapat disebabkan oleh sejumlah kondisi di bawah ini:\nKonsumsi obat pilek atau obat alergi\nSleep apnea\nHipertensi\nDiabetes\nGangguan elektrolit, seperti kelebihan atau kekurangan kalium, hiperkalemia, dan hipomagnesemia\nGangguan tiroid, misalnya hipertiroidisme\nKelainan katup jantung\nPenyakit jantung bawaan, seperti tetralogy of Fallot\nPenyakit jantung koroner\nSerangan jantung\nKardiomiopati\nTorsade de pointes\n\nSelain kondisi medis, aritmia juga dapat dipicu oleh gaya hidup yang tidak sehat, seperti:\nTidak dapat mengelola stres dengan baik\nKurang tidur\nMerokok\nMengonsumsi minuman beralkohol atau berkafein secara berlebihan\nMenyalahgunakan NAPZA","['Topik: Aritmia, Subtopik: Komplikasi Aritmia \n Pada beberapa kasus, aritmia dapat memburuk dan menyebabkan komplikasi serius, seperti:\n- Demensia\n- Penyakit Alzheimer\n- Stroke\n- Gagal jantung\n- Henti jantung mendadak\n- Kematian mendadak pada bayi (SIDS)\n', 'Topik: Aritmia, Subtopik: Pencegahan Aritmia \n Seperti telah dijelaskan di atas, banyak faktor yang bisa menyebabkan aritmia. Oleh karena itu, pencegahannya tergantung pada penyebab aritmia tersebut.\n', 'Topik: Aritmia, Subtopik: Pengertian Aritmia \n Aritmia adalah gangguan yang terjadi pada irama jantung. Penderita aritmia bisa merasakan irama jantungnya terlalu cepat, terlalu lambat, atau tidak teratur.\nSebenarnya, aritmia normal terjadi pada kondisi jantung yang sehat. Namun, bila terjadi terus menerus atau berulang, aritmia bisa menandakan adanya masalah pada organ jantung.\n\n']","Berdasarkan konteks yang diberikan, beberapa penyebab aritmias termasuk faktor riwayat keluarga, stres mental dan emosi, obesitas, merokok, alkohol atau zat lain yang toksik, infeksi jantung atau sistem imun lainnya, anemia, penyakit ginjal atau hati, serta dehidrasi. Selain itu, penggunaan obat-obatan seperti antidepressan, beta blokir, dan ergot alokaina juga bisa menyebabkan aritmia. Faktor genetik dan penyakit jantung lainnya, seperti hipertrofi ventrikel kiri atau valvular heart disease, juga dapat memicu aritmia.",None,combination_2,nomic-embed-text,deepseek-v2,False,0.0
Bagaimana pertolongan pertama untuk penderita penyakit jantung?,"Lakukan pertolongan pertama berupa cardiopulmonary resuscitation (CPR) atau resusitasi jantung paru (RJP). Namun, jika memungkinkan, bawalah penderita langsung ke instalasi gawat darurat (IGD) rumah sakit terdekat.","['Topik: Serangan Jantung, Subtopik: Pencegahan Serangan Jantung: Menjalani pemeriksaan kesehatan secara rutin \n Rutin menjalani pemeriksaan kesehatan setidaknya 1 tahun sekali dapat membantu mendeteksi penyakit jantung lebih dini. Meski cara deteksi penyakit jantung lewat jari bisa dilakukan secara mandiri, namun untuk memastikan kondisi kesehatan sebenarnya, Anda sebaiknya melakukan pemeriksaan kesehatan rutin ke fasilitas kesehatan. Selain penyakit jantung, pemeriksaan ini juga dapat mendeteksi gangguan pada tekanan darah, kadar gula darah dan kolesterol, serta berbagai penyakit lainnya.\n', 'Topik: Serangan Jantung, Subtopik: Gejala Serangan Jantung \n Serangan jantung bisa muncul secara mendadak dengan beberapa gejala berikut:\n- Nyeri dada sebelah kiri seperti tertekan atau tertindih, yang dapat menjalar ke daerah leher, rahang, lengan, atau punggung\n- Gangguan pencernaan, seperti mual, muntah, atau sakit perut\n\n- Batuk atau mengi\n\n- Sesak napas\n- Pusing\n- Keringat dingin\n- Gelisah dan cemas\n- Penurunan kesadaran\nSerangan jantung tidak selalu muncul mendadak. Terkadang, beberapa hari atau minggu sebelumnya, penderita sudah merasakan nyeri dada (angina) yang muncul saat beraktivitas dan mereda saat beristirahat.\nBahkan, pada beberapa kasus, serangan jantung tidak menimbulkan gejala sama sekali, terutama pada penderita diabetes, wanita, dan lansia.\n', 'Topik: Serangan Jantung, Subtopik: Pengertian Serangan Jantung \n Serangan jantung adalah gangguan jantung serius ketika otot jantung tidak mendapat aliran darah. Kondisi ini akan mengganggu fungsi jantung dalam mengalirkan darah ke seluruh tubuh. Serangan jantung dapat menyebabkan kematian bila tidak segera tertangani.\nSerangan jantung, atau disebut juga infark miokard, terjadi akibat terhambatnya aliran darah ke otot jantung. Penyebab utama kondisi ini adalah penyakit jantung koroner.\n\nPenyakit jantung koroner terjadi ketika pembuluh darah koroner yang memasok darah ke jantung tersumbat. Penyumbatan ini terjadi karena timbunan kolesterol yang membentuk plak di dinding pembuluh darah.\n']","Pertolongan pertama untuk penderita serangan jantung melibatkan beberapa langkah penting untuk membantu mengurangi risiko komplikasi dan meningkatkan kemungkinan kesembuhan. Berikut adalah langkah-langkah dasar dalam memberikan pertolongan pertama pada penderita serangan jantung:\n\n1.  **Tetap tenang**: Ketika menemukan seseorang yang mungkin mengalami serangan jantung, penting untuk tetap tenang dan tidak panik. Panik dapat memperburuk kondisi dan membuat Anda tidak bisa memberikan pertolongan yang tepat.\n2.  **Panggil bantuan medis:** Hubungi layanan darurat atau ambulans segera jika Anda mengira seseorang mengalami serangan jantung. Beritahu mereka tentang gejala-gejalanya dan lokasinya.\n3.  **Letakkan pasien dalam posisi yang nyaman**: Jika pasien tidak dapat berdiri dengan sendirinya, letakkannya di tempat yang aman dan nyaman untuk mengurangi risiko cedera lebih lanjut. Pastikan dia dalam posisi tegak atau duduk dengan kaki-nya terangkat sekitar 12 inci dari lantai.\n4.  **Berikan oksigen**: Jika tersedia, berikan pasien oksigen untuk membantu meningkatkan kadar oksigen dalam darah dan mengurangi kebutuhan jantung untuk bekerja keras.\n5.  **Jangan memberikan obat-obatan:** Tidak ada obat yang dapat menyelamatkan nyawa seseorang yang sedang mengalami serangan jantung. Jika pasien menggunakan nitrat atau obat lainnya, tidak boleh digunakan tanpa instruksi dokter.\n6.  **Tetap bersama sampai ambulans datang:** Jaga pasien tetap di dekat Anda sampai ambulans tiba dan mereka bisa memindahkan pasien ke rumah sakit.\n\nPenting untuk diingat bahwa pertolongan pertama adalah langkah awal dalam proses penyelamatan. Segera hubungi layanan darurat atau ambulans jika Anda mengira seseorang mengalami serangan jantung.",None,combination_3,mxbai-embed-large,llama3.1,False,0.0
Apa saja hal yang menunjukkan gejala penyakit jantung?,"Serangan jantung bisa muncul secara mendadak dengan beberapa gejala berikut:\n\nNyeri dada sebelah kiri seperti tertekan atau tertindih, yang dapat menjalar ke daerah leher, rahang, lengan, atau punggung\nGangguan pencernaan, seperti mual, muntah, atau sakit perut\nBatuk atau mengi\nSesak napas\nPusing\nKeringat dingin\nGelisah dan cemas\nPenurunan kesadaran","['Topik: Serangan Jantung, Subtopik: Pencegahan Serangan Jantung: Menjalani pemeriksaan kesehatan secara rutin \n Rutin menjalani pemeriksaan kesehatan setidaknya 1 tahun sekali dapat membantu mendeteksi penyakit jantung lebih dini. Meski cara deteksi penyakit jantung lewat jari bisa dilakukan secara mandiri, namun untuk memastikan kondisi kesehatan sebenarnya, Anda sebaiknya melakukan pemeriksaan kesehatan rutin ke fasilitas kesehatan. Selain penyakit jantung, pemeriksaan ini juga dapat mendeteksi gangguan pada tekanan darah, kadar gula darah dan kolesterol, serta berbagai penyakit lainnya.\n', 'Topik: Serangan Jantung, Subtopik: Penyebab Serangan Jantung: Penyakit jantung koroner \n Penyakit jantung koroner merupakan penyebab utama serangan jantung. Kondisi ini terjadi ketika satu atau lebih pembuluh yang memberi pasokan darah ke jantung (pembuluh darah koroner) tersumbat. Penyumbatan tersebut dapat disebabkan oleh penumpukan plak kolesterol (aterosklerosis) atau gumpalan darah.\n', 'Topik: Serangan Jantung, Subtopik: Pengobatan Serangan Jantung: Gangguan mental \n Setelah pulang dari rumah sakit, pasien dapat merasa cemas, takut, atau mengalami trauma akibat serangan jantung. Hal tersebut bisa memengaruhi proses pemulihan. Oleh karena itu, penderita perlu berkonsultasi dengan psikiater untuk mendapatkan penanganan terhadap gangguan mental tersebut.\n']","Gejala penyakit jantung dapat ditandai oleh beberapa faktor, seperti gangguan mental setelah mengalami serangan jantung. Selain itu, gejala lainnya adalah nyeri pada bagian dada, leher, dan lengan kiri.\n\nPengaruh dari gejala tersebut akan berbeda-beda tergantung pada individu. Beberapa orang mungkin hanya mengalami rasa sakit ringan, sedangkan yang lain bisa merasakan kesulitan bernapas atau kelelahan secara tiba-tiba.",None,combination_3,mxbai-embed-large,llama3.1,False,0.0
Siapa saja orang yang berisiko mengalami takikardia?,"Takikardia atau aritmia lebih sering terjadi pada orang dengan faktor berikut:\n\nBerusia lanjut\nMemiliki penyakit endokrin, seperti diabetes atau penyakit tiroid, yang tidak terkontrol\nMemiliki hipertensi yang tidak terkontrol\nMengalami infeksi bakteri atau virus yang berat\nMenderita atau pernah mengalami hipertensi pulmonal\nMengonsumsi minuman beralkohol secara berlebihan\nMenggunakan NAPZA\nTidak cukup mengonsumsi kalsium, magnesium, atau kalium\n\nTakikardia supraventrikuler lebih sering dialami oleh wanita dan anak-anak, orang yang memiliki kebiasaan merokok, serta orang yang mengonsumsi minuman beralkohol atau berkafein secara berlebihan.","['Topik: Takikardia, Subtopik: Pengertian Takikardia \n Takikardia adalah kondisi jantung yang berdetak melebihi 100 kali per menit. Takikardia dapat terjadi sebagai respons dari kondisi normal, penyakit, atau gangguan irama jantung (aritmia).\nNormalnya, jantung berdetak 60  100 kali per menit. Jika detak jantung lebih dari 100 kali per menit, kondisi ini disebut takikardia.\n\nTakikardia terbagi dua, yaitu takikardia sinus dan aritmia. Takikardia sinus bisa terjadi ketika seseorang sedang berolahraga. Kondisi ini juga dapat terjadi sebagai respons tubuh terhadap stres, trauma, atau penyakit. Sementara aritmia terjadi akibat gangguan pada serambi atau bilik jantung sehingga detak jantung menjadi lebih cepat.\nTakikardia umumnya tidak menimbulkan gejala atau komplikasi. Namun, kondisi ini dapat mengganggu fungsi jantung jika dibiarkan tidak tertangani. Akibatnya, penderita bisa mengalami gagal jantung, stroke, serangan jantung mendadak, bahkan kematian.\n', 'Topik: Takikardia, Subtopik: Pengertian Takikardia \n Normalnya, jantung berdetak 60  100 kali per menit. Jika detak jantung lebih dari 100 kali per menit, kondisi ini disebut takikardia.\n\nTakikardia terbagi dua, yaitu takikardia sinus dan aritmia. Takikardia sinus bisa terjadi ketika seseorang sedang berolahraga. Kondisi ini juga dapat terjadi sebagai respons tubuh terhadap stres, trauma, atau penyakit. Sementara aritmia terjadi akibat gangguan pada serambi atau bilik jantung sehingga detak jantung menjadi lebih cepat.\nTakikardia umumnya tidak menimbulkan gejala atau komplikasi. Namun, kondisi ini dapat mengganggu fungsi jantung jika dibiarkan tidak tertangani. Akibatnya, penderita bisa mengalami gagal jantung, stroke, serangan jantung mendadak, bahkan kematian.\n', 'Topik: Takikardia, Subtopik: Komplikasi Takikardia \n Takikardia dapat menyebabkan sejumlah komplikasi, tergantung pada jenis, kecepatan detak jantung, irama jantung dan waktu berlangsungnya takikardia. Komplikasi juga dapat terjadi tergantung pada ada atau tidaknya gangguan jantung yang dialami pasien.\nBerikut ini adalah beberapa komplikasi yang umum terjadi akibat takikardia:\n- Penggumpalan darah, yang dapat menyebabkan stroke atau serangan jantung\n- Gagal jantung, yang ditandai dengan ketidakmampuan jantung untuk memompa cukup darah\n- Sering pingsan atau tidak sadarkan diri\n- Kematian mendadak, yang biasanya terjadi akibat takikardia ventrikel atau fibrilasi ventrikel\n']","Orang-orang yang cenderung memiliki risiko tinggi untuk mengalami takikardia termasuk mereka:\n1. Penderita penyakit jantung, seperti hipertensi atau valvular heart disease.\n2. Pasien diabetes mellitus dan pasien lainnya dengan riwayat penyakit obesitas.\n3. Pemain olahraga yang intensif, khususnya yang sering berolahraga secara anaerob atau shock-prone.\n4. Mereka yang mengalami stres emotional dan trauma akut.\n5. Pasien dengan gangguan fungsi saraf perifer atau metabolik lainnya.\n6. Penderita asidosis metabolis, seperti yang umumnya terdapat pada pasien pneumonia atau anemia hipoksemia.",None,combination_4,mxbai-embed-large,deepseek-v2,False,0.0
Apa saja hal yang menunjukkan gejala penyakit jantung?,"Serangan jantung bisa muncul secara mendadak dengan beberapa gejala berikut:\n\nNyeri dada sebelah kiri seperti tertekan atau tertindih, yang dapat menjalar ke daerah leher, rahang, lengan, atau punggung\nGangguan pencernaan, seperti mual, muntah, atau sakit perut\nBatuk atau mengi\nSesak napas\nPusing\nKeringat dingin\nGelisah dan cemas\nPenurunan kesadaran","['Topik: Serangan Jantung, Subtopik: Pencegahan Serangan Jantung: Menjalani pemeriksaan kesehatan secara rutin \n Rutin menjalani pemeriksaan kesehatan setidaknya 1 tahun sekali dapat membantu mendeteksi penyakit jantung lebih dini. Meski cara deteksi penyakit jantung lewat jari bisa dilakukan secara mandiri, namun untuk memastikan kondisi kesehatan sebenarnya, Anda sebaiknya melakukan pemeriksaan kesehatan rutin ke fasilitas kesehatan. Selain penyakit jantung, pemeriksaan ini juga dapat mendeteksi gangguan pada tekanan darah, kadar gula darah dan kolesterol, serta berbagai penyakit lainnya.\n', 'Topik: Serangan Jantung, Subtopik: Penyebab Serangan Jantung: Penyakit jantung koroner \n Penyakit jantung koroner merupakan penyebab utama serangan jantung. Kondisi ini terjadi ketika satu atau lebih pembuluh yang memberi pasokan darah ke jantung (pembuluh darah koroner) tersumbat. Penyumbatan tersebut dapat disebabkan oleh penumpukan plak kolesterol (aterosklerosis) atau gumpalan darah.\n', 'Topik: Serangan Jantung, Subtopik: Pengobatan Serangan Jantung: Gangguan mental \n Setelah pulang dari rumah sakit, pasien dapat merasa cemas, takut, atau mengalami trauma akibat serangan jantung. Hal tersebut bisa memengaruhi proses pemulihan. Oleh karena itu, penderita perlu berkonsultasi dengan psikiater untuk mendapatkan penanganan terhadap gangguan mental tersebut.\n']","Hal-hal yang menunjukkan gejala penyakat jantung termasuk perubahan dalam pencernaan, rasa lelah atau ketegangan, nyeri di belakang payudara, mual atau sesak makanan, gatalan atau imej kotor pada kaki, sering demam dan luka yang sulit untuk b愈合. Selain itu, ada juga beberapa gejala lainnya seperti bising di telinga, tidur berlebihan, kehilangan daya tahan, sesak nafas, dan tekanan darah yang tinggi atau rendah.",None,combination_4,mxbai-embed-large,deepseek-v2,False,0.0
Makanan apa yang tepat untuk mencegah penyakit jantung koroner?,"Makanan tinggi serat, seperti sayur dan buah. Selain itu, tingkatkan kadar kolesterol baik atau HDL dengan memperbanyak konsumsi makanan tinggi lemak tak jenuh. Jenis makanan ini antara lain minyak ikan, minyak zaitun, minyak biji bunga matahari, minyak sayur, serta alpukat dan kacang-kacangan.","['Topik: Penyakit Jantung Koroner, Subtopik: Pencegahan Penyakit Jantung Koroner: Berolahraga rutin \n Pola makan sehat yang dikombinasikan dengan olahraga rutin dapat menjaga berat badan ideal. Di samping itu, olahraga rutin dapat menurunkan kadar kolesterol dan menjaga tekanan darah tetap normal.\nLuangkan waktu untuk berolahraga setidaknya 150 menit dalam seminggu, misalnya dengan jogging, senam, atau renang. Namun, bagi orang yang berisiko terserang penyakit jantung koroner, diskusikan terlebih dahulu dengan dokter mengenai jenis dan durasi olahraga yang tepat.\n', 'Topik: Penyakit Jantung Koroner, Subtopik: Pencegahan Penyakit Jantung Koroner: Mengonsumsi obat dengan benar \n Pastikan untuk mengikuti petunjuk dokter dalam mengonsumsi obat-obatan. Penting untuk diingat bahwa jangan menghentikan pengobatan tanpa berkonsultasi dengan dokter, karena berisiko memperburuk penyakit yang diderita.\nBeberapa upaya lain untuk mencegah penyakit jantung koroner adalah:\n- Berhenti merokok\n- Membatasi konsumsi minuman beralkohol\n- Mengelola stres dengan baik\n- Mempertahankan berat badan ideal\n- Menjalani pemeriksaan tekanan darah, gula darah, dan kolesterol secara berkala\n', 'Topik: Penyakit Jantung Koroner, Subtopik: Pencegahan Penyakit Jantung Koroner \n Cara untuk mencegah penyakit jantung koroner adalah dengan menjalani pola hidup sehat, seperti:\n']","Makanan yang tepat untuk mencegah penyakit jantung koroner adalah:\n- Buah-buahan seperti apel, jeruk, dan semangka.\n- Sayuran seperti brokoli, wortel, dan buncis.\n- Makanan laut seperti udang dan ikan salmon.","Makanan yang baik untuk pencegahan penyakit jantung koroner antara lain adalah buah-buahan dan sayuran segar, seperti apel, jeruk, brokoli dan wortel. Selain itu, makanan yang mengandung omega-3 seperti ikan salmon atau sarden juga dapat membantu dalam pencegahan penyakit jantung koroner.",combination_5,nomic-embed-text,llama3.1,True,0.0
Apa kelainan jantung yang diderita seseorang dengan torsade de pointes?,"Pada torsade de pointes, bilik jantung berdetak lebih cepat dan tidak selaras dengan denyut pada atrium. Perlu diketahui, denyut jantung manusia pada kondisi normal adalah 60−100 per menit. Sementara pada torsade de pointes, bilik jantung dapat berdenyut hingga 150–300 per menit.","['Topik: Torsade de Pointes, Subtopik: Pengertian Torsade de Pointes \n Torsade de pointes adalah kelainan jantung berupa kecepatan denyut pada bilik jantung (ventrikel) yang melebihi batas normal. Kondisi ini dapat disebabkan oleh kelainan bawaan atau efek samping obat-obatan. Jika tidak segera ditangani, torsade de pointes dapat menyebabkan henti jantung mendadak.\nJantung memiliki empat ruang utama yang dibagi menjadi dua, yaitu dua ruang bagian bawah (bilik jantung) dan dua ruang bagian atas (atrium). Kedua ruangan ini berfungsi untuk menerima dan memompa darah di jantung.\n\nPada torsade de pointes, bilik jantung berdetak lebih cepat dan tidak selaras dengan denyut pada atrium. Perlu diketahui, denyut jantung manusia pada kondisi normal adalah 60  100 per menit. Sementara pada torsade de pointes, bilik jantung dapat berdenyut hingga 150  300 per menit.\n', 'Topik: Torsade de Pointes, Subtopik: Pencegahan Torsade de Pointes \n Cara mencegah torsade de pointes adalah dengan menurunkan risiko terjadinya kondisi tersebut. Beberapa upaya yang dapat dilakukan adalah:\n- Hindari minum obat tanpa saran dari dokter.\n- Terapkan pola hidup yang sehat untuk menghindari serangan jantung.\n- Jaga kesehatan ginjal dengan minum air putih yang cukup, serta selalu jaga kadar gula darah.\n- Hentikan kebiasaan merokok.\n- Terapkan perilaku hidup bersih dan sehat (PHBS) untuk menghindari diare parah yang bisa mengakibatkan hipokalemia.\nSelain itu, ada beberapa langkah untuk menurunkan risiko terjadinya torsade de pointes yang disebabkan oleh kelainan jantung bawaan, yaitu:\n- Lakukan pemeriksaan jantung secara berkala jika menderita long QT syndrome atau memiliki keluarga dengan kondisi tersebut.\n- Konsultasikan dengan dokter sebelum melakukan aktivitas berat, seperti lari maraton.\n', 'Topik: Torsade de Pointes, Subtopik: Penyebab Torsade de Pointes: Congenital long QT syndrome \n Congenital long QT syndrome adalah kelainan bawaan yang menyebabkan gangguan aktivitas listrik pada bilik jantung. Sindrom ini dinamai demikian karena terjadi pemanjangan interval gelombang QRS ke T pada pemeriksaan rekam jantung (EKG).\nMakin sering seseorang mengalami pemanjangan interval QT, maka risiko terkena torsade de pointes makin tinggi.\n']",Kelainan jantung yang diderita oleh orang dengan Torsade de Pointes adalah Congenital long QT syndrome.,"Kelainan jantung yang disebabkan oleh torsade de pointes adalah fibrilasi ventrikel. Torsade de pointes merupakan komplikasi dari fibrilasi ventrikel. Fibrilasi ventrikel dapat menyebabkan aritmia jantung, yaitu kondisi dimana detak jantung tidak teratur atau tidak terkoordinasikan.",combination_5,nomic-embed-text,llama3.1,True,0.0
Apa obat yang dapat diberikan pada penderita hipertensi pulmonal?,"Jenis obat yang bisa diberikan antara lain:\n\nSildenafil atau tadalafil\nSildenafil dan tadalafil berfungsi membuka pembuluh darah paru-paru agar darah dapat mengalir dengan lebih mudah.\n\nAntagonis kalsium\nObat ini berfungsi melemaskan otot pembuluh darah, tetapi hanya ampuh pada sebagian penderita hipertensi pulmonal. Beberapa obat yang termasuk ke dalam golongan ini adalah nifedipine, diltiazem, dan amlodipine.\n\nAntikoagulan\nAntikoagulan, seperti warfarin, merupakan obat pengencer darah yang berfungsi menghambat terbentuknya gumpalan darah di arteri paru-paru. Meski obat ini sering digunakan, penggunaannya perlu dievaluasi secara rutin karena dapat meningkatkan risiko terjadinya perdarahan.\n\nDiuretik\nDiuretik adalah obat yang berfungsi mengurangi cairan di dalam tubuh sehingga kerja jantung menjadi lebih ringan. Obat ini juga dapat mengurangi penumpukan cairan di paru-paru, tungkai, dan perut pada pasien yang sudah mengalami komplikasi gagal jantung.\n\nDigoxin\nDigoxin adalah obat yang berfungsi membantu jantung berdenyut lebih kuat agar dapat memompa lebih banyak darah. Obat ini juga dapat mengendalikan denyut jantung menjadi lebih teratur.\n\nVasodilator\nVasodilator digunakan untuk melemaskan dan membuka pembuluh darah yang menyempit di paru-paru. Dengan begitu, darah dapat mengalir lebih baik. Contoh obat dari golongan ini antara lain epoprostenol, beraprost, dan iloprost.","['Topik: Hipertensi Pulmonal, Subtopik: Pengobatan Hipertensi Pulmonal \n Hipertensi pulmonal merupakan penyakit yang belum dapat disembuhkan. Pengobatan hanya bertujuan untuk meredakan gejala dan menghambat perkembangan penyakit. Jika didiagnosis dan ditangani sejak dini, kerusakan arteri pulmonal secara permanen dapat dicegah.\nPengobatan hipertensi pulmonal dapat dilakukan dengan menangani kondisi itu sendiri, atau mengatasi penyebab yang mendasarinya. Beberapa metode pengobatan yang dapat dilakukan meliputi:\n', 'Topik: Hipertensi Pulmonal, Subtopik: Penyebab Hipertensi Pulmonal: Faktor Risiko Hipertensi Pulmonal \n Risiko terkena hipertensi pulmonal lebih dapat meningkat pada orang dengan kondisi berikut:\n- Berjenis kelamin wanita\n- Berusia 30 tahun ke atas\n- Menderita berat badan berlebih\n- Memiliki keluarga dengan riwayat hipertensi pulmonal\n- Menderita kelainan lahir, seperti penyakit jantung bawaan atau sindrom Down\n\n- Memiliki kondisi medis lain, seperti penyakit hati, penyakit penggumpalan darah, penyakit ginjal kronis, atau penyakit tiroid\n- Mengonsumsi obat-obatan penurun berat badan\n- Mengonsumsi obat selective serotonin reuptake inhibitors (SSRIs) untuk mengatasi depresi dan gangguan kecemasan\n- Memiliki kebiasaan merokok\n- Menyalahgunakan NAPZA, seperti kokain\n- Terpapar asbes\n', 'Topik: Hipertensi Pulmonal, Subtopik: Diagnosis Hipertensi Pulmonal \n Dokter akan bertanya mengenai gejala yang dialami, riwayat kesehatan pasien dan keluarga, serta obat-obatan yang sedang dikonsumsi. Dokter juga akan melakukan pemeriksaan fisik secara menyeluruh, termasuk mendengarkan suara jantung dan paru-paru melalui stetoskop, serta memeriksa pembengkakan di tungkai dan pergelangan kaki.\nGuna memastikan diagnosis, beberapa pemeriksaan penunjang juga perlu dilakukan. Karena gejala hipertensi pulmonal mirip dengan beberapa penyakit jantung, dokter akan mengawali dengan pemeriksaan jantung, di antaranya:\n']","Obat-obatan yang umumnya digunakan untuk mengatasi hipertensi pulmonal termasuk obat blokade kanal kalium (IKK), endotelin receptor antagonist, dan prostacyclin analog. Namun, disarankan agar penggunaan obat ini dilakukan di bawah direktur dokter atau ahli medis yang ahli dalam bidang tersebut untuk memastikan keamanan dan efek samping yang tidak timbul.","Obat-obatan yang umum diberikan untuk penderita hipertensi pulmonal (pembesaran tulang keriting atau bulbiata pulmonalis) meliputi:\n\n1. Epoprostenol (Cloxateplase): Inokulum utama yang sering digunakan dalam praktik klinik untuk mengurangi tekanan darah dan mengecili pembesaran tulang keriting.\n2. Bosentan: Obat oral dengan mekanisme dual, yang bekerja sebagai antagonist endotelial angiotensin II dan prostacyclin, sering digunakan untuk kontrol hipertensi pulmonal.\n3. Sildenafil (Viagra), tadalafil (Cialis), atau riociguat: Obat-obatan yang bekerja dengan cara mengecili pembesaran tulang keriting dan mengurangi tekanan darah, seringkali digunakan sebagai terapi alternatif.\n4. Diuretik: Seperti furosemide atau milrinone, yang biasanya digunakan untuk menangani sindrom jantung kan yang umumnya disertai dengan hipertensi pulmonal.\n5. Antikoagulan: Obat-obatan lain seperti warfarin dan heparin seringkali digunakan untuk mencegah penggenangan darah akut (emboli) yang umumnya terjadi dalam hipertensi pulmonal.\n6. Angiotensin II receptor antagonist, contohnya losartan atau valsartan, juga sering digunakan secara eksperimen untuk penderita hipertensi pulmonal.\n\nSemua obat-obatan ini harus diberikan di bawah perawatan dokter spesialisasi dan dosis yang tepat akan menyesuaikan sesuai dengan kondisi pasien.",combination_6,nomic-embed-text,deepseek-v2,True,0.0
Apa saja hal yang dapat meningkatkan risiko seseorang mengalami syok kardiogenik?,"Selain penyakit dan kondisi yang disebutkan di atas, sejumlah faktor berikut juga bisa meningkatkan risiko seseorang mengalami syok kardiogenik:\n\nBerusia lebih dari 75 tahun\nMenderita gagal jantung\nMenderita diabetes, sepsis, atau pneumothorax\nMenderita berat badan berlebih atau obesitas\nPernah terkena serangan jantung\nPernah menjalani operasi bypass jantung","['Topik: Syok Kardiogenik, Subtopik: Faktor risiko syok kardiogenik \n Selain penyakit dan kondisi yang disebutkan di atas, sejumlah faktor berikut juga bisa meningkatkan risiko seseorang mengalami syok kardiogenik:\nBerusia lebih dari 75 tahun\n- Menderita gagal jantung\n\n- Menderita diabetes, sepsis, atau pneumothorax\n\n- Menderita berat badan berlebih atau obesitas\n\n- Pernah terkena serangan jantung\n- Pernah menjalani operasi bypass jantung\n\n', 'Topik: Syok Kardiogenik, Subtopik: Gejala Syok Kardiogenik: Kapan harus ke dokter \n Segera bawa ke IGD rumah sakit terdekat jika ada seseorang di sekitar Anda yang mengalami gejala seperti di atas, terlebih bila disertai dengan penurunan kesadaran. Syok kardiogenik bisa memburuk dalam waktu yang cepat dan mengancam nyawa sehingga pasien perlu mendapatkan penanganan secepatnya.\nJika Anda memiliki penyakit atau kondisi medis yang dapat meningkatkan risiko terjadinya syok kardiogenik, lakukan pemeriksaan berkala sesuai anjuran dokter.\n', 'Topik: Syok Kardiogenik, Subtopik: Pengertian Syok Kardiogenik \n Syok kardiogenik adalah syok yang disebabkan oleh ketidakmampuan jantung untuk memompa darah ke seluruh tubuh. Syok kardiogenik merupakan kondisi yang berbahaya dan perlu mendapatkan penanganan secepatnya.\nBeberapa gejala yang terjadi saat seseorang mengalami syok kardiogenik adalah penurunan tekanan darah, denyut nadi cepat tetapi lemah, sesak napas, ujung kaki dan tangan terasa dingin, hingga penurunan kesadaran.\n\n']","Hal-hal yang dapat meningkatkan risiko seseorang mengalami syok kardiogenik, selain penyakit dan kondisi yang disebutkan dalam konteks tersebut, termasuk:\n\n1. Berusia lebih dari 75 tahun, yang menunjukkan ketidakmampuan jantung untuk berfungsi secara efektif.\n2. Penyakit gagal jantung, dimana jantung kurang mampu mengeluarkan aliran darah dengan cukup sehingga menyebabkan penurunan sistemik kesadaran dan gejala syok.\n3. Diabetes, yang mempengaruhi fungsi hati dan bisa meningkatkan risiko terjadinya komplikasi seperti syok kardiogenik.\n4. Sepsis, yaitu infeksi di dalam tubuh yang melekat pada darah dan menyebabkan sistem sirkulasi mengalami gangguan.\n5. Pneumothorax, yaitu kekurangan tekanan udara di dalam paru-paru yang bisa menurunkan tekanan darah dan menyebabkan syok kardiogenik.\n6. Berat badan berlebih atau obesitas, yang dapat mengganggu fungsi jantung dan sistem sirkulasi.\n7. Pernyakitan terdahulu, seperti serangan jantung, yang menunjukkan bahwa seseorang mungkin lebih rentan terhadap gangguan kardiovaskuler.\n8. Pemakaian obat-obatan atau tindakan medis lainnya, seperti pembedahan bypass jantung, yang bisa mempengaruhi sistem sirkulasi dan meningkatkan risiko syok kardiogenik.","Hal-hal yang dapat meningkatkan risiko seseorang mengalami syok kardiogenik termasuk faktor riwayat penyakit jantung pada keluarga, hipertensi, asidosis metabolis, dan poliuria. Faktor lain yang mempengaruhi risiko ini antara lain usia, kebiasaan merokok, serta faktor genetik.",combination_6,nomic-embed-text,deepseek-v2,True,0.1111111111111111
Apa gejala penyakit takikardia supraventrikular pada bayi?,Bayi dengan takikardia supraventrikular dapat menunjukkan tanda-tanda berikut:\n\nTidak bisa atau sulit menyusu\nNapas cepat\nKulit pucat\nRewel\nMudah berkeringat,"['Topik: Takikardia Supraventrikular, Subtopik: Gejala Takikardia Supraventrikular: Kapan harus ke dokter \n Segera lakukan pemeriksaan ke dokter jika Anda atau anak Anda merasakan jantung yang berdebar cepat dan disertai dengan gejala di atas, atau jika detak jantung cepat ini berlangsung lebih dari beberapa menit.\n', 'Topik: Takikardia Supraventrikular, Subtopik: Diagnosis Takikardia Supraventrikular \n Dokter akan terlebih dahulu bertanya kepada pasien terkait hal-hal berikut:\n- Gejala yang dialami\n- Penyakit yang pernah atau sedang diderita\n- Operasi yang pernah dilakukan\n- Obat-obatan yang digunakan\n- Gaya hidup yang dijalani\nSetelah itu, dokter akan menjalankan pemeriksaan fisik, terutama mengecek jantung dan paru-paru menggunakan stetoskop.\nSelanjutnya, untuk memastikan gejala, dokter dapat merekomendasikan beberapa pemeriksaan lanjutan, yaitu:\n- Elektrokardiografi, untuk mendeteksi aktivitas listrik jantung \n- Holter monitoring, untuk mendeteksi gangguan irama jantung yang tidak bisa ditemukan saat elektrokardiografi, dipakai selama 1 2 hari \n- Ekokardiografi, untuk memeriksa struktur dan gerakan jantung \n- Tes darah dan tes urine, untuk mendeteksi penyakit tiroid, kerusakan pada otot jantung, atau penggunaan obat-obatan terlarang\nJika pemeriksaan di atas masih kurang atau dokter ingin memeriksa kondisi jantung lebih lanjut, tes berikut juga bisa dilakukan:\n- Stress test, untuk melihat respons jantung saat melakukan aktivitas fisik \n- Elektrofisiologi jantung, untuk memetakan lokasi jaringan jantung yang menyebabkan gangguan irama jantung dengan menggunakan kateter \n- Tes meja miring (tilt table test), untuk mengetahui respons jantung dan sistem saraf terhadap perubahan posisi tubuh \n- Kateterisasi jantung, untuk mendeteksi masalah pada pembuluh darah jantung dan katup jantung. \n', 'Topik: Takikardia Supraventrikular, Subtopik: Pengertian Takikardia Supraventrikular \n Takikardia supraventrikular adalah kondisi ketika jantung berdetak lebih cepat dari biasanya. Pada kasus yang parah, takikardia supraventrikular dapat menyebabkan henti jantung mendadak. Oleh karena itu, kondisi ini penting untuk diobati secara rutin.\nNormalnya, jantung berdetak sekitar 60 100 detak/menit. Namun, pada penderita takikardia supraventrikular, detak jantung bisa mencapai 150 220 detak/menit secara tiba-tiba. Kondisi ini dapat terjadi ketika penderitanya sedang berolahraga atau bahkan saat tidak melakukan aktivitas apa pun.\n\n']","Gejala penyakit takikardia supraventrikular pada bayi dapat berbeda-beda tergantung pada usianya. Pada bayi baru lahir, gejala yang paling umum adalah detak jantung yang cepat dan tidak teratur, meskipun biasanya hal ini akan membaik dengan sendirinya dalam beberapa minggu pertama kehidupan. Namun, jika gejala berlanjut atau disertai dengan gejala lain seperti kesulitan bernapas, keringat dingin, atau lemahnya tekanan darah, maka segera hubungi dokter.\n\nPada bayi yang lebih besar, gejala takikardia supraventrikular dapat berupa detak jantung yang cepat dan tidak teratur, serta disertai dengan gejala seperti kelelahan, kesulitan bernapas, atau perubahan warna kulit. Gejala lainnya juga dapat timbul antara lain:\n\n- Kehilangan nafsu makan \n- Mengalami gangguan tidur \n- Menjadi mudah lelah dan tidak bisa bermain sebagaimana mestinya \n\nJika Anda atau anak Anda mengalami gejala di atas, segera lakukan pemeriksaan ke dokter jika detak jantung cepat ini berlangsung lebih dari beberapa menit.","Penyakit takikardia supraventrikular (PSVT) atau disebut juga tachyarrhytmia, merupakan gangguan aritmia yang berhubungan dengan peningkatan frekuensi denyut nadi di atas 160 kali permenit. PSVT pada bayi biasanya tidak memiliki gejala-gejala klinis lainnya dan seringkali hanya ditemukan ketika melakukan pemeriksaan elektrokardiogram (EKG).",combination_7,mxbai-embed-large,llama3.1,True,0.1818181818181818
Apa saja gejala penyakit atrial flutter?,Gejala atrial flutter dapat bervariasi dan berlangsung dalam hitungan jam hingga hari. Beberapa gejalanya adalah:\n\nJantung berdebar\nPusing atau terasa akan pingsan\nSesak napas\nNyeri dada\nLemas\nLinglung,"['Topik: Atrial Flutter, Subtopik: Gejala Atrial Flutter \n Gejala atrial flutter dapat bervariasi dan berlangsung dalam hitungan jam hingga hari. Beberapa gejalanya adalah:\n- Jantung berdebar\n- Pusing atau terasa akan pingsan\n- Sesak napas\n- Nyeri dada\n- Lemas\n- Linglung\nSeperti yang telah dijelaskan, atrial flutter dan atrial fibrilasi memiliki gejala yang mirip. Terkadang, kedua kondisi tersebut bahkan bisa terjadi secara bersamaan.\n', 'Topik: Atrial Flutter, Subtopik: Pengertian Atrial Flutter \n Atrial flutter adalah gangguan irama jantung yang terjadi di serambi jantung (atrium), yaitu ruang jantung bagian atas. Kondisi ini ditandai dengan denyut jantung yang sangat cepat. Jika tidak tertangani, atrial flutter berisiko menimbulkan stroke.\nNormalnya, jantung berdenyut sebanyak 60  100 kali per menit saat tubuh dalam kondisi diam. Akan tetapi, pada atrial flutter, denyut jantung menjadi sangat cepat, yaitu sampai 150 kali per menit bahkan lebih.\n\nAtrial flutter adalah salah satu jenis gangguan irama jantung (aritmia). Atrial flutter memiliki gejala serupa dengan atrial fibrilasi, yang juga merupakan salah satu jenis aritmia, tetapi kedua kondisi tersebut sebenarnya berbeda.\nPada atrial fibrilasi, jantung berdenyut cepat dan iramanya sangat tidak beraturan. Sementara pada atrial flutter, irama jantung masih teratur meskipun denyutnya juga sangat cepat.\n', 'Topik: Atrial Flutter, Subtopik: Gejala Atrial Flutter: Kapan harus ke dokter \n Periksakan diri ke dokter jika mengalami jantung berdebar yang tidak membaik dengan beristirahat, sering terjadi, atau disertai gejala-gejala yang telah disebutkan di atas. Segera ke dokter jika jantung berdebar timbul pada Anda yang mengalami atau dalam pengobatan penyakit tiroid.\nJantung berdebar merupakan gejala dari berbagai penyakit jantung. Oleh karena itu, dokter akan memeriksa Anda untuk menentukan apakah gejala tersebut disebabkan oleh atrial flutter.\nSegera ke IGD rumah sakit terdekat jika jantung berdebar sampai menimbulkan nyeri dada, sesak napas, atau rasa seperti akan pingsan. Hal ini karena beberapa kondisi tersebut bisa menjadi tanda serangan jantung.\n']","Gejala Atrial Flutter adalah suatu kondisi medis yang dapat menimbulkan berbagai gejala-gejala pada tubuh. Beberapa di antaranya adalah:\n\n1.  Jantung berdebar: Hal ini merupakan salah satu gejala utama dari atrial flutter, yaitu denyut jantung yang tidak normal dan sangat cepat.\n2.  Pusing atau terasa akan pingsan: Gejala ini disebabkan oleh kurangnya pasokan darah ke otak akibat denyut jantung yang abnormal.\n3.  Sesak napas: Jika atrial flutter menyebabkan irama jantung menjadi tidak normal, maka tubuh dapat mengalami kesulitan dalam menyalurkan darah ke seluruh bagian tubuh, sehingga terjadi sesak napas.\n4.  Nyeri dada: Gejala ini disebabkan oleh kurangnya pasokan darah ke jantung akibat denyut jantung yang tidak normal.\n5.  Lemas: Hal ini merupakan gejala lain dari atrial flutter, yaitu tubuh merasa lemas dan tidak kuat karena kurangnya pasokan darah ke seluruh bagian tubuh.\n6.  Linglung: Terkadang atrial flutter dapat menyebabkan gejala linglung pada beberapa orang.\n\nDengan demikian, perlu diingat bahwa gejala-gejala ini dapat berbeda-beda tergantung pada individu dan kondisi medis masing-masing.","Penyakit atrial flutter (AF) atau fibrilasi atrium merupakan kondisi dimana jantung tidak berdetak secara teratur. Detak jantung yang normal biasanya berkisar antara 60-100 kali per menit, namun pada AF detaknya bisa lebih cepat dari itu.\n\nBeberapa gejala umum penyakit atrial flutter adalah:\n\n1. Rasa lelah dan kelelahan: Hal ini disebabkan oleh kurangnya pasokan oksigen ke otot-otot tubuh karena denyut jantung yang tidak teratur.\n2. Sesak napas: Penyakit AF dapat menyebabkan perubahan dalam struktur jantung, sehingga mengurangi kemampuan paru-paru untuk menyalurkan oksigen ke seluruh tubuh.\n3. Palpasi denyut nadi yang tidak teratur: Pada seseorang dengan AF, denyut nadi mungkin terdengar lebih cepat daripada biasanya atau bahkan terdengar seperti berdebar-debar.\n4. Gejalastroke atau kelelahan otot: Karena kekurangan oksigen yang disebabkan oleh detak jantung tidak teratur, seseorang dengan AF mungkin merasa lelah setelah melakukan aktivitas fisik ringan.\n5. Nyeri pada dada: Beberapa orang mungkin mengalami nyeri atau kesulitan bernapas karena perubahan tekanan darah yang disebabkan oleh AF.\n6. Perubahan denyut nadi: Pada beberapa kasus, seseorang dengan AF mungkin mengalami denyut nadi yang tidak teratur dan cepat, bahkan setelah beristirahat atau melakukan aktivitas ringan.\n7. Gangguan tidur: Gangguan tidur seperti insomnia atau hipnagogik (gangguan tidur saat akan tertidur) bisa dialami oleh seseorang dengan AF karena kurangnya oksigen dan perubahan tekanan darah.\n8. Penurunan konsentrasi: Gejala ini disebabkan oleh penurunan pasokan oksigen ke otak, yang dapat menyebabkan kesulitan berpikir atau mengingat.\n9. Nyeri kepala: Karena kurangnya oksigen ke otak dan perubahan tekanan darah, seseorang dengan AF mungkin mengalami nyeri kepala ringan hingga sedang.\n10. Perubahan emosi: Beberapa orang mungkin mengalami perubahan emosi seperti depresi atau kecemasan karena gejala yang dialami.\n\nNamun perlu diingat bahwa tidak semua orang dengan AF akan mengalami gejala-gejala tersebut. Beberapa orang mungkin tidak menunjukkan gejala sama sekali, terutama pada tahap awal penyakit.",combination_7,mxbai-embed-large,llama3.1,True,0.2222222222222222
Apa saja komplikasi yang mungkin terjadi pada penyakit tamponade jantung?,Komplikasi yang mungkin terjadi akibat tamponade jantung antara lain:\n\nSyok\nPerdarahan\nEdema paru\nGagal jantung\nKematian,"['Topik: Tamponade Jantung, Subtopik: Komplikasi Tamponade Jantung \n Komplikasi yang mungkin terjadi akibat tamponade jantung antara lain:\n- Syok\n- Perdarahan\n- Edema paru\n- Gagal jantung\n- Kematian\n', 'Topik: Tamponade Jantung, Subtopik: Pengertian Tamponade Jantung \n Tamponade jantung sering terjadi akibat tekanan yang berasal dari penumpukan cairan di dalam rongga perikardium, yaitu ruang antara otot dan selaput pelindung jantung. Cairan tersebut bisa darah atau nanah, yang jika menumpuk terlalu banyak dapat menghambat jantung untuk mengembang secara normal.\n\nTamponade jantung dapat menimbulkan gejala seperti kulit pucat, badan lemas, nyeri dada, dan jantung berdebar. Jika orang di sekitar Anda mengalami gejala tersebut, segera cari pertolongan medis agar tamponade jantung tidak menimbulkan komplikasi serius, seperti kerusakan organ, syok, atau kematian.\n', 'Topik: Tamponade Jantung, Subtopik: Pengertian Tamponade Jantung \n Tamponade jantung adalah kondisi terganggunya fungsi jantung dalam memompa darah akibat adanya tekanan yang kuat di jantung. Tamponade jantung merupakan kondisi gawat darurat yang membutuhkan penanganan medis secepatnya.\nTamponade jantung sering terjadi akibat tekanan yang berasal dari penumpukan cairan di dalam rongga perikardium, yaitu ruang antara otot dan selaput pelindung jantung. Cairan tersebut bisa darah atau nanah, yang jika menumpuk terlalu banyak dapat menghambat jantung untuk mengembang secara normal.\n\nTamponade jantung dapat menimbulkan gejala seperti kulit pucat, badan lemas, nyeri dada, dan jantung berdebar. Jika orang di sekitar Anda mengalami gejala tersebut, segera cari pertolongan medis agar tamponade jantung tidak menimbulkan komplikasi serius, seperti kerusakan organ, syok, atau kematian.\n']","Komplikasi yang mungkin terjadi akibat tamponade jantung, selain yang telah disebut dalam konteks di atas, termasuk:\n\n1. Peningkatan Tekanan Kardiak: Peningkatan tekanan pada peradaran darah dapat menyebabkan denyut nadi menjadi lebih cepat dan jantung berdebar (entrapment of heart).\n2. Hipovolemia: Karena mengurangi jumlah cairan dalam tubuh untuk melawan tekanan, penyakit tamponade bisa menyebabkan hipovolemia yang dapat meningkatkan risiko kematian.\n3. Disfungsi Ginjal: Penyebab lainnya adalah pengurangan jumlah cairan dalam tubuh, yang juga dapat mempengaruhi fungsi ginjal dan mengakibatkan kerusakan ginjal.\n4. Hiperkapnia: Mengganggu fungsi jantung bisa menurunkan aliran udara yang kritis untuk mendukung oksigenasi darah, menyebabkan hiperkapnia atau kekurangan oksigen dalam tubuh.","Komplikasi dari penyakit tamponade jantung berkembang karena tekanan darah tinggi yang disebabkan oleh pembuluh nadi mayor (pulmonary artery) dan aorta yang tertekan di atas saraf simfisis. Beberapa komplikasi termudah adalah:\n\n1. Penyempitan jantung, yang dapat menyebabkan bising dada, gejolak nafas, dan pusing.\n2. Efusi pleura, yaitu penyumbatan cairan di dalam serambi kanan jantung (pericardial effusion).\n3. Fibrosis atau gatal-gatal di bagian dada oleh tekanan yang lama terhadap tulang rusuk.\n4. Penyempitan pembuluh darah lainnya, seperti pembuluh nadi radial dan ulnar.\n5. Efusi intersitialis, yaitu penyumbatan cairan di jaringan luaran (extracellular fluid).\n6. Hipoksia (kesadahan otot jantung) yang dapat menyebabkan kerusakan hati dan ginjal.\n7. Penyempitan pembuluh darah arteri kronis, yang dapat meningkatkan resiko stroke atau serangan heart attack.\n8. Efusi perikardial, yaitu penyumbatan cairan di dalam serambi kiri jantung (pericardial effusion).",combination_8,mxbai-embed-large,deepseek-v2,True,0.0
Bagaimana cara pencegahan penyakit takikardia supraventrikular?,"Takikardia supraventrikular dapat dicegah dengan menerapkan pola hidup sehat, seperti:\n\nMenghindari konsumsi minuman beralkohol dan berkafein secara berlebihan\nBerhenti merokok\nMenghindari penggunaan NAPZA, terutama kokain dan amphetamine\nBeristirahat dan tidur yang cukup\nMengelola stres dengan baik\nSelalu mematuhi dosis dan aturan pakai saat mengonsumsi obat apa pun\nMengonsumsi makanan sehat bergizi lengkap dan seimbang\nMembatasi asupan garam dan lemak jenuh\nBerolahraga rutin, minimal 30 menit setiap hari","['Topik: Takikardia Supraventrikular, Subtopik: Pengobatan Takikardia Supraventrikular \n Pengobatan takikardia supraventrikular bertujuan untuk memperlambat denyut jantung dan mencegah kondisi yang lebih serius.\nPenderita takikardia supraventrikular umumnya tidak memerlukan pengobatan apa pun. Namun, dokter akan menyarankan beberapa tindakan berikut jika kondisi ini terjadi secara terus-menerus dalam jangka panjang:\n', 'Topik: Takikardia Supraventrikular, Subtopik: Penyebab Takikardia Supraventrikular \n Takikardia supraventrikular terjadi karena adanya gangguan pada sistem pacu listrik jantung. Hal ini membuat jantung berdetak dengan sangat cepat. Akibatnya, waktu yang dibutuhkan oleh jantung agar terisi darah sangat berkurang. Jika jantung tidak cukup terisi darah, aliran darah ke seluruh tubuh pun menjadi berkurang\nTakikardia supraventrikular dapat disebabkan oleh:\n- Penyakit paru-paru\n- Penyakit tiroid, terutama hipertiroidisme \n- Penyakit jantung\n- Penyakit jantung bawaan\n- Sindrom Wolf-Parkinson-White \nSelain itu, ada beberapa kondisi yang diduga dapat meningkatkan risiko seseorang mengalami takikardia supraventrikular, yaitu:\n- Usia 25 40 tahun\n- Kehamilan\n- Penyalahgunaan NAPZA, seperti kokain atau amphetamine \n- Penggunaan obat-obatan, seperti obat asma, alergi, atau flu\n- Konsumsi minuman berkafein dan beralkohol secara berlebihan\n- Kebiasaan merokok\n- Diabetes\n- Sleep apnea \n- Stres\n- Pernah menjalani operasi jantung\n', 'Topik: Takikardia Supraventrikular, Subtopik: Pengertian Takikardia Supraventrikular \n Takikardia supraventrikular adalah kondisi ketika jantung berdetak lebih cepat dari biasanya. Pada kasus yang parah, takikardia supraventrikular dapat menyebabkan henti jantung mendadak. Oleh karena itu, kondisi ini penting untuk diobati secara rutin.\nNormalnya, jantung berdetak sekitar 60 100 detak/menit. Namun, pada penderita takikardia supraventrikular, detak jantung bisa mencapai 150 220 detak/menit secara tiba-tiba. Kondisi ini dapat terjadi ketika penderitanya sedang berolahraga atau bahkan saat tidak melakukan aktivitas apa pun.\n\n']","Pencegahan penyaket takikardia supraventrikular tersebar-relai tidak begitu jelas dan belum umum dikenal. Namun, beberapa langkah sosial dan kesehatan bisa membantu mencegah risiko munculnya penyakit ini, seperti:\n\n1. Mengontrol berat badan secara sehat: Obesitas dapat meningkatkan risiko terkena takikardia supraventrikular karena obesitas biasanya diikuti oleh ketidakseimbangan hormon yang dapat mempengaruhi sistem pencernaan jantung.\n2. Mengontrol tekanan darah: Rendahnya tekanan darah bisa meningkatkan risiko terkena takikardia supraventrikular, karena hal ini mengganggu aliran darah ke seluruh tubuh.\n3. Berolahraga sehat: Menjaga aktivitas fisik yang baik dapat mencegah munculnya penyakit jantung dan meningkatkan kapasitas otot jantung, membantu mengendalikan denyut jantung.\n4. Mengontrol tekanan darah secara sehat: Rendahnya tekanan darah bisa meningkatkan risiko terkena takikardia supraventrikular, karena hal ini mengganggu aliran darah ke seluruh tubuh.\n5. Konsumsi makanan bergizi dan sehat: Mengkonsumsi makanan yang sehat dan mengandung protein tinggi dapat membantu menjaga fungsi jantung tetap normal, menghindari munculnya penyakit jantung.\n6. Kepedulian akan kesehatan: Mengontrol stres dan tidak melakukan penggunaan obat-obatan yang berdampak buruk terhadap jantung, seperti narkotic dan stimulan.","Penyebab utama penyakit takikardia supraventrikular (SA node) termasuk infark jantung, disfungsi atrioventrikular (AV node), hipoksia dan gangguan elektrolit. Beberapa cara untuk mencegah ini antara lain:\n\n1. Mengendalikan risiko penyakit jantung umum: mengontrol tekanan darah, menekan asidosis respiratori (penurunan pH darah), dan mengawasi asupan makanan seperti kolesterol tinggi atau penggunaan teh pekat.\n2. Menggunakan obat-obatan yang tepat: beberapa obat dapat meningkatkan risiko takikardia, sehingga perlu disesuaikan dosis dan memantau gejala.\n3. Mencegah infeksi: penyakit infeksi pada jantung (termasuk endokardiitis) dapat menyebabkan gangguan SA node, oleh karena itu penting untuk mencegah infeksi ini atau segera mengobati.\n4. Mengevaluasi dan menstabilkan asupan elektrolit: kelebihan atau kekurangan garam dalam darah dapat mempengaruhi frekuensi denyut jantung, oleh karena itu penting untuk terus mengedai dan mengkoreksi ini.\n5. Menjaga pola tidur yang sehat: gangguan pola tidur atau hiperventilasi dapat meningkatkan risiko takikardia, oleh karena itu jadikan tidur tenang dan nyenyak penting.\n6. Mengontrol tekanan darah tinggi: risiko infark jantung yang lebih tinggi dikaitkan dengan hipertensi, oleh karena itu mengendalikan tekanan darah ini sangat penting.\n7. Mencegah penyakit lain: beberapa penyebab takikardia supraventrikular termasuk infark jantung dan disfungsi AV node, oleh karena itu mengendalikan risiko terkait infark jantung seperti mencegah asidosis respiratori juga penting.\n\nDengan mematuhi cara di atas, Anda dapat menurunkan risiko takikardia supraventrikular dan mengoptimalkan kesehatan jantung Anda.",combination_8,mxbai-embed-large,deepseek-v2,True,0.0
