question,ground_truth,retrieved_contexts,answer,hypothesis,config,embedding_model,llm_model,hyde,context_precision
Makanan apa yang tepat untuk mencegah penyakit jantung koroner?,"Makanan tinggi serat, seperti sayur dan buah. Selain itu, tingkatkan kadar kolesterol baik atau HDL dengan memperbanyak konsumsi makanan tinggi lemak tak jenuh. Jenis makanan ini antara lain minyak ikan, minyak zaitun, minyak biji bunga matahari, minyak sayur, serta alpukat dan kacang-kacangan.","['Topik: Penyakit Jantung Koroner, Subtopik: Pencegahan Penyakit Jantung Koroner: Berolahraga rutin \n Pola makan sehat yang dikombinasikan dengan olahraga rutin dapat menjaga berat badan ideal. Di samping itu, olahraga rutin dapat menurunkan kadar kolesterol dan menjaga tekanan darah tetap normal.\nLuangkan waktu untuk berolahraga setidaknya 150 menit dalam seminggu, misalnya dengan jogging, senam, atau renang. Namun, bagi orang yang berisiko terserang penyakit jantung koroner, diskusikan terlebih dahulu dengan dokter mengenai jenis dan durasi olahraga yang tepat.\n', 'Topik: Penyakit Jantung Koroner, Subtopik: Pencegahan Penyakit Jantung Koroner \n Cara untuk mencegah penyakit jantung koroner adalah dengan menjalani pola hidup sehat, seperti:\n', 'Topik: Penyakit Jantung Koroner, Subtopik: Penyebab Penyakit Jantung Koroner: Rokok \n Rokok adalah faktor risiko utama penyakit jantung koroner. Kandungan nikotin dan karbon monoksida yang terdapat di dalam rokok bisa meningkatkan risiko terjadinya penggumpalan darah.\nDi samping itu, bahan kimia lain yang berasal dari pembakaran rokok juga dapat merusak dinding pembuluh darah jantung dan menyempitkan arteri koroner.\n']","Pola makan sehat adalah salah satu cara untuk mencegah penyakit jantung koroner. Makanan yang tepat untuk mencegah penyakit jantung koroner adalah makanan yang mengandung serat tinggi, seperti sayuran dan buah-buahan. Selain itu, konsumsi lemak sehat seperti lemak zaitun juga dapat membantu menjaga kesehatan jantung.\n\nPola makan yang seimbang dapat membantu menurunkan kadar kolesterol darah dan mengurangi tekanan darah tinggi. Makanan yang tidak seimbang, seperti makanan yang banyak mengandung lemak jenuh dan gula, dapat meningkatkan risiko terjadinya penyakit jantung koroner.\n\nMakanan lain yang tepat untuk mencegah penyakit jantung koroner adalah ikan. Ikan kaya akan omega-3 yang dapat membantu menurunkan kadar kolesterol darah dan mengurangi inflamasi pada dinding pembuluh darah.\n\nKegiatan berolahraga rutin juga sangat penting untuk mencegah penyakit jantung koroner. Pola makan sehat yang dikombinasikan dengan olahraga rutin dapat menjaga berat badan ideal, menurunkan kadar kolesterol, dan menjaga tekanan darah tetap normal.\n\nNamun, perlu diingat bahwa setiap orang memiliki kebutuhan nutrisi yang berbeda-beda. Oleh karena itu, penting untuk berkonsultasi dengan dokter sebelum membuat perubahan pada pola makan atau kegiatan olahraga.",None,combination_1,nomic-embed-text,llama3.1,False,0.0
Apa gejala yang muncul pada anak yang mengalami miokarditis?,Tanda dan gejala yang umumnya muncul pada anak-anak dan bayi dengan miokarditis adalah: \n\nLemas\nHilang nafsu makan\nBatuk\nSulit bernapas\nDemam\nKulit pucat\nLebih rewel daripada biasanya\nNyeri dada\nTangan atau kaki yang dingin,"['Topik: Miokarditis, Subtopik: Gejala Miokarditis: Kapan harus ke dokter \n Lakukan pemeriksaan ke dokter jika Anda atau anak Anda mengalami gejala di atas, terutama jika ada keluhan nyeri dada dan sesak napas. Jika gejala memburuk atau tidak membaik dalam beberapa menit, jangan tunda untuk ke IGD rumah sakit terdekat, agar segera mendapat penanganan medis.\n', 'Topik: Miokarditis, Subtopik: Diagnosis Miokarditis \n Diagnosis miokarditis dimulai dengan tanya jawab mengenai kondisi pasien. Dokter akan menanyakan kepada pasien tentang:\n- Gejala yang dirasakan dan lama berlangsungnya\n- Penyakit yang pernah atau sedang diderita\nSelanjutnya, dokter akan melakukan pemeriksaan fisik. Pada pemeriksaan ini, dokter akan mendengarkan bunyi jantung dan pernapasan dengan menggunakan stetoskop, serta melihat apakah ada pembengkakan di tungkai dan kaki pasien.\nDokter juga mungkin akan melakukan beberapa pemeriksaan penunjang berikut untuk memastikan diagnosis dan menentukan penyebab miokarditis:\n- Tes darah, untuk mendeteksi  tanda-tanda infeksi atau penyakit autoimun\n- Elektrokardiogram (EKG), untuk memeriksa aktivitas listrik jantung\n\n- Foto Rontgen dada, untuk melihat ukuran dan bentuk jantung, serta untuk memeriksa kemungkinan adanya gagal jantung\n- Ekokardiografi atau USG jantung, untuk memeriksa fungsi pompa jantung, serta mendeteksi gumpalan darah di dalam jantung, penumpukan cairan di selaput jantung (efusi perikardium), gangguan pada katup jantung, dan pembesaran jantung\n\n- MRI jantung, untuk melihat ada tidaknya peradangan pada otot jantung\n- Kateterisasi jantung yang disertai biopsi otot jantung (pemeriksaan dari sampel otot jantung), untuk melihat kondisi jantung\n', 'Topik: Miokarditis, Subtopik: Pengertian Miokarditis \n Miokarditis adalah peradangan yang terjadi pada miokardium atau otot jantung. Peradangan ini umumnya disebabkan oleh infeksi bakteri atau virus. Namun, pada beberapa kasus, miokarditis juga dapat terjadi akibat paparan zat berbahaya atau penggunaan obat-obatan tertentu.\nMiokardium adalah otot jantung yang berperan memompa darah dari jantung ke seluruh tubuh. Peradangan pada otot jantung dapat menyebabkan gangguan irama jantung dan menurunkan kemampuan jantung dalam memompa darah. \n\nMiokarditis ditandai dengan nyeri dada, sesak napas, dan jantung berdebar. Pada kasus yang ringan, miokarditis bisa sembuh dengan perawatan sederhana, serta tidak menyebabkan komplikasi. Namun, jika tidak tertangani dengan benar, miokarditis bisa menyebabkan komplikasi serius, seperti gangguan irama jantung, gagal jantung, dan serangan jantung.\n']","Miokarditis adalah peradangan yang terjadi pada miokardium atau otot jantung. Peradangan ini umumnya disebabkan oleh infeksi bakteri atau virus. Namun, pada beberapa kasus, miokarditis juga dapat terjadi akibat paparan zat berbahaya atau penggunaan obat-obatan tertentu.\n\nMiokardium adalah otot jantung yang berperan memompa darah dari jantung ke seluruh tubuh. Peradangan pada otot jantung dapat menyebabkan gangguan irama jantung dan menurunkan kemampuan jantung dalam memompa darah.\n\nMiokarditis ditandai dengan gejala yang berbeda-beda tergantung pada tingkat keparahan penyakit. Pada anak-anak, gejala miokarditis dapat muncul sebagai:\n- Nyeri dada\n- Sesak napas\nPada kasus yang ringan, miokarditis bisa sembuh dengan perawatan sederhana, serta tidak menyebabkan komplikasi. Namun, jika tidak tertangani dengan benar, miokarditis bisa menyebabkan komplikasi serius, seperti gangguan irama jantung, gagal jantung, dan serangan jantung.\n\nJika Anda atau anak Anda mengalami gejala-gejala di atas, segeralah untuk berkonsultasi dengan dokter agar dapat mendapatkan penanganan yang tepat.",None,combination_1,nomic-embed-text,llama3.1,False,0.3333333333
Apa saja hal yang menunjukkan gejala penyakit jantung?,"Serangan jantung bisa muncul secara mendadak dengan beberapa gejala berikut:\n\nNyeri dada sebelah kiri seperti tertekan atau tertindih, yang dapat menjalar ke daerah leher, rahang, lengan, atau punggung\nGangguan pencernaan, seperti mual, muntah, atau sakit perut\nBatuk atau mengi\nSesak napas\nPusing\nKeringat dingin\nGelisah dan cemas\nPenurunan kesadaran","['Topik: Serangan Jantung, Subtopik: Pencegahan Serangan Jantung: Menjalani pemeriksaan kesehatan secara rutin \n Rutin menjalani pemeriksaan kesehatan setidaknya 1 tahun sekali dapat membantu mendeteksi penyakit jantung lebih dini. Meski cara deteksi penyakit jantung lewat jari bisa dilakukan secara mandiri, namun untuk memastikan kondisi kesehatan sebenarnya, Anda sebaiknya melakukan pemeriksaan kesehatan rutin ke fasilitas kesehatan. Selain penyakit jantung, pemeriksaan ini juga dapat mendeteksi gangguan pada tekanan darah, kadar gula darah dan kolesterol, serta berbagai penyakit lainnya.\n', 'Topik: Serangan Jantung, Subtopik: Komplikasi Serangan Jantung: Gagal jantung \n Serangan jantung dapat memicu gagal jantung. Kondisi ini membuat jantung tidak dapat secara efektif memompa darah ke seluruh tubuh. Gejalanya berupa sesak napas, cepat merasa lelah, dan bengkak pada tungkai.\n', 'Topik: Serangan Jantung, Subtopik: Pencegahan Serangan Jantung: Menjaga kadar gula darah dan tekanan darah \n Dengan mengendalikan kadar gula darah dan tekanan darah, risiko terjadinya penyakit jantung koroner yang menjadi penyebab utama serangan jantung juga berkurang.\n']","1. Sesak napas, termasuk saat aktivitas ringan atau tidur normal.\n2. Merasa cepat lelah dan kelelahan yang tak terkendali.\n3. Bengkak pada tungkai (padat dan tampak menyusahkan).",None,combination_2,nomic-embed-text,deepseek-v2,False,0.0
Apa gejala yang muncul pada anak yang mengalami miokarditis?,Tanda dan gejala yang umumnya muncul pada anak-anak dan bayi dengan miokarditis adalah: \n\nLemas\nHilang nafsu makan\nBatuk\nSulit bernapas\nDemam\nKulit pucat\nLebih rewel daripada biasanya\nNyeri dada\nTangan atau kaki yang dingin,"['Topik: Miokarditis, Subtopik: Gejala Miokarditis: Kapan harus ke dokter \n Lakukan pemeriksaan ke dokter jika Anda atau anak Anda mengalami gejala di atas, terutama jika ada keluhan nyeri dada dan sesak napas. Jika gejala memburuk atau tidak membaik dalam beberapa menit, jangan tunda untuk ke IGD rumah sakit terdekat, agar segera mendapat penanganan medis.\n', 'Topik: Miokarditis, Subtopik: Diagnosis Miokarditis \n Diagnosis miokarditis dimulai dengan tanya jawab mengenai kondisi pasien. Dokter akan menanyakan kepada pasien tentang:\n- Gejala yang dirasakan dan lama berlangsungnya\n- Penyakit yang pernah atau sedang diderita\nSelanjutnya, dokter akan melakukan pemeriksaan fisik. Pada pemeriksaan ini, dokter akan mendengarkan bunyi jantung dan pernapasan dengan menggunakan stetoskop, serta melihat apakah ada pembengkakan di tungkai dan kaki pasien.\nDokter juga mungkin akan melakukan beberapa pemeriksaan penunjang berikut untuk memastikan diagnosis dan menentukan penyebab miokarditis:\n- Tes darah, untuk mendeteksi  tanda-tanda infeksi atau penyakit autoimun\n- Elektrokardiogram (EKG), untuk memeriksa aktivitas listrik jantung\n\n- Foto Rontgen dada, untuk melihat ukuran dan bentuk jantung, serta untuk memeriksa kemungkinan adanya gagal jantung\n- Ekokardiografi atau USG jantung, untuk memeriksa fungsi pompa jantung, serta mendeteksi gumpalan darah di dalam jantung, penumpukan cairan di selaput jantung (efusi perikardium), gangguan pada katup jantung, dan pembesaran jantung\n\n- MRI jantung, untuk melihat ada tidaknya peradangan pada otot jantung\n- Kateterisasi jantung yang disertai biopsi otot jantung (pemeriksaan dari sampel otot jantung), untuk melihat kondisi jantung\n', 'Topik: Miokarditis, Subtopik: Pengertian Miokarditis \n Miokarditis adalah peradangan yang terjadi pada miokardium atau otot jantung. Peradangan ini umumnya disebabkan oleh infeksi bakteri atau virus. Namun, pada beberapa kasus, miokarditis juga dapat terjadi akibat paparan zat berbahaya atau penggunaan obat-obatan tertentu.\nMiokardium adalah otot jantung yang berperan memompa darah dari jantung ke seluruh tubuh. Peradangan pada otot jantung dapat menyebabkan gangguan irama jantung dan menurunkan kemampuan jantung dalam memompa darah. \n\nMiokarditis ditandai dengan nyeri dada, sesak napas, dan jantung berdebar. Pada kasus yang ringan, miokarditis bisa sembuh dengan perawatan sederhana, serta tidak menyebabkan komplikasi. Namun, jika tidak tertangani dengan benar, miokarditis bisa menyebabkan komplikasi serius, seperti gangguan irama jantung, gagal jantung, dan serangan jantung.\n']","Gejala yang umum dialami oleh anak-anak atau orang dewasa yang mengalami miokarditis termasuk nyeri dada, sesak napas, dan gangguan irama jantung. Selain itu, beberapa gejala lain yang mungkin terjadi pada pasien dengan miokarditis antara lain:\n\n1. Mengerakkan tangan atau mengayunkan tangan secara spontan (kardiomegm)\n2. Bermiring badan ke satu sisi, khususnya saat tidur atau berbaris\n3. Merasa lemah dan dewasa dalam melakukan aktivitas sehari-hari\n4. Mengalami mual, penglihatan, atau nyeri di bagian belakang tengah (sternum) yang bisa menjalar ke seluruh badan\n5. Muntah dan merasa gatal saat melakukan aktivitas ringan seperti berdiri atau duduk\n6. Mengalami gangguan tidur, misalnya sulit untuk tertidur atau sering bangun karena nyeri dada\n7. Menurunnya tekanan darah dan denyut nadi akibat penyakit lain yang terkait dengan miokarditis.\n\nJika ada gejala di atas, sangat penting untuk segera melakukan pemeriksaan ke dokter atau IGD agar dapat mendapatkan penanganan medis awal dan menghindari komplikasi seperti gangguan irama jantung, gagal jantung, serta serangan jantung.",None,combination_2,nomic-embed-text,deepseek-v2,False,0.3333333333
Apa hal-hal yang dapat menyebabkan penyakit hipertensi?,"Hipertensi sekunder bisa disebabkan oleh sejumlah kondisi, yaitu:\n\nPenyakit ginjal\nPenyakit kelenjar tiroid\nTumor kelenjar adrenal\nKelainan bawaan pada pembuluh darah\nKecanduan alkohol\nPenyalahgunaan NAPZA\nGangguan pernapasan yang terjadi saat tidur (sleep apnea)\nKonsumsi obat-obatan tertentu, seperti obat antiinflamasi nonsteroid (NSAID), obat batuk pilek, atau pil KB","['Topik: Hipertensi, Subtopik: Penyebab Hipertensi: Faktor Risiko Hipertensi \n Ada beberapa faktor yang bisa meningkatkan risiko seseorang terserang hipertensi, yaitu:\n- Berusia di atas 65 tahun\n- Sedang hamil\n- Jarang berolahraga dan jarang melakukan aktivitas fisik\n- Kurang mengonsumsi makanan yang mengandung kalium\n- Memiliki keluarga dengan riwayat tekanan darah tinggi\n- Menderita obesitas, sleep apnea, diabetes, atau penyakit ginjal\n- Mengonsumsi terlalu banyak makanan tinggi garam\n- Mengonsumsi terlalu banyak kafein\n- Memiliki kebiasaan merokok dan mengonsumsi minuman beralkohol\n', 'Topik: Hipertensi, Subtopik: Pengertian Hipertensi \n Hipertensi atau darah tinggi adalah kondisi ketika tekanan darah berada pada angka 130/80 mmHg atau lebih. Jika tidak segera ditangani, hipertensi bisa menyebabkan komplikasi serius, seperti gagal jantung, penyakit ginjal, hingga stroke.\nTekanan darah dinyatakan dalam dua nilai angka yang dipisahkan dengan garis miring atau yang biasanya disebut  per  . Angka di awal, yaitu di sebelah kiri garis miring menandakan tekanan sistolik. Ini adalah tekanan di dalam pembuluh darah ketika jantung berkontraksi untuk memompa darah keluar dari jantung.\n\nAngka di akhir yang berada setelah garis miring menandakan tekanan diastolik, yaitu tekanan darah saat jantung berelaksasi dan menyedot atau menerima darah masuk kembali ke dalam jantung.\nPada kondisi normal, tekanan darah orang dewasa adalah 120/80 mmHg. Artinya, tekanan sistoliknya adalah 120 mmHg dan diastoliknya 80 mmHG.\nTekanan darah tinggi yang terjadi terus-menerus dapat membuat jantung bekerja lebih keras untuk memompa darah ke seluruh tubuh. Kondisi ini lama-kelamaan bisa membuat jantung membesar, merusak pembuluh darah, dan membuat ginjal tidak bisa bekerja dengan baik.\nOleh karena itu, hipertensi perlu segera ditangani. Setelah tekanan darah kembali normal pun, perlu terus dilakukan pemantauan dan bahkan penggunaan obat rutin agar tekanan darah selalu terkontrol.\n', 'Topik: Hipertensi, Subtopik: Komplikasi Hipertensi \n Tekanan darah tinggi bisa merusak pembuluh darah dan organ-organ lain di dalam tubuh. Jika tidak segera diobati, tekanan darah tinggi bisa menimbulkan penyakit serius, seperti:\n- Gangguan penglihatan hingga kebutaan akibat retinopati hipertensi\n\n- Sindrom metabolik\n- Penyakit ginjal\n- Penyakit arteri perifer\n- Penyakit jantung (hypertensive heart disease)\n- Serangan jantung\n- Gagal jantung atau jantung lemah\n\n- Demensia vaskular\n- Aneurisma otak\n- Stroke\nHipertensi yang tidak terkontrol dengan baik berisiko menjadi krisis hipertensi. Kondisi ini berbahaya dan memerlukan penanganan segera di IGD.\n']","Penyakit hipertensi atau darah tinggi disebabkan oleh beberapa faktor. Faktor-faktor tersebut antara lain:\n\n- Berusia di atas 65 tahun\n- Sedang hamil\n- Jarang berolahraga dan jarang melakukan aktivitas fisik\n- Kurang mengonsumsi makanan yang mengandung kalium\n- Memiliki keluarga dengan riwayat tekanan darah tinggi\n- Menderita obesitas, sleep apnea, diabetes, atau penyakit ginjal\n- Mengonsumsi terlalu banyak makanan tinggi garam\n- Mengonsumsi terlalu banyak kafein\n- Memiliki kebiasaan merokok dan mengonsumsi minuman beralkohol\n\nHal-hal tersebut dapat meningkatkan risiko seseorang terserang hipertensi.",None,combination_3,mxbai-embed-large,llama3.1,False,0.0
Bagaimana pertolongan pertama untuk penderita penyakit jantung?,"Lakukan pertolongan pertama berupa cardiopulmonary resuscitation (CPR) atau resusitasi jantung paru (RJP). Namun, jika memungkinkan, bawalah penderita langsung ke instalasi gawat darurat (IGD) rumah sakit terdekat.","['Topik: Serangan Jantung, Subtopik: Pencegahan Serangan Jantung: Menjalani pemeriksaan kesehatan secara rutin \n Rutin menjalani pemeriksaan kesehatan setidaknya 1 tahun sekali dapat membantu mendeteksi penyakit jantung lebih dini. Meski cara deteksi penyakit jantung lewat jari bisa dilakukan secara mandiri, namun untuk memastikan kondisi kesehatan sebenarnya, Anda sebaiknya melakukan pemeriksaan kesehatan rutin ke fasilitas kesehatan. Selain penyakit jantung, pemeriksaan ini juga dapat mendeteksi gangguan pada tekanan darah, kadar gula darah dan kolesterol, serta berbagai penyakit lainnya.\n', 'Topik: Serangan Jantung, Subtopik: Gejala Serangan Jantung \n Serangan jantung bisa muncul secara mendadak dengan beberapa gejala berikut:\n- Nyeri dada sebelah kiri seperti tertekan atau tertindih, yang dapat menjalar ke daerah leher, rahang, lengan, atau punggung\n- Gangguan pencernaan, seperti mual, muntah, atau sakit perut\n\n- Batuk atau mengi\n\n- Sesak napas\n- Pusing\n- Keringat dingin\n- Gelisah dan cemas\n- Penurunan kesadaran\nSerangan jantung tidak selalu muncul mendadak. Terkadang, beberapa hari atau minggu sebelumnya, penderita sudah merasakan nyeri dada (angina) yang muncul saat beraktivitas dan mereda saat beristirahat.\nBahkan, pada beberapa kasus, serangan jantung tidak menimbulkan gejala sama sekali, terutama pada penderita diabetes, wanita, dan lansia.\n', 'Topik: Serangan Jantung, Subtopik: Pengertian Serangan Jantung \n Serangan jantung adalah gangguan jantung serius ketika otot jantung tidak mendapat aliran darah. Kondisi ini akan mengganggu fungsi jantung dalam mengalirkan darah ke seluruh tubuh. Serangan jantung dapat menyebabkan kematian bila tidak segera tertangani.\nSerangan jantung, atau disebut juga infark miokard, terjadi akibat terhambatnya aliran darah ke otot jantung. Penyebab utama kondisi ini adalah penyakit jantung koroner.\n\nPenyakit jantung koroner terjadi ketika pembuluh darah koroner yang memasok darah ke jantung tersumbat. Penyumbatan ini terjadi karena timbunan kolesterol yang membentuk plak di dinding pembuluh darah.\n']","Pertolongan pertama untuk penderita serangan jantung melibatkan beberapa langkah penting untuk membantu mengurangi risiko komplikasi dan meningkatkan kemungkinan kesembuhan. Berikut adalah langkah-langkah dasar dalam memberikan pertolongan pertama pada penderita serangan jantung:\n\n1.  **Tetap tenang**: Ketika menemukan seseorang yang mungkin mengalami serangan jantung, penting untuk tetap tenang dan tidak panik. Panik dapat memperburuk kondisi dan membuat Anda tidak bisa memberikan pertolongan yang tepat.\n2.  **Panggil bantuan medis:** Hubungi layanan darurat atau ambulans segera jika Anda mengira seseorang mengalami serangan jantung. Beritahu mereka tentang gejala-gejalanya dan lokasinya.\n3.  **Letakkan pasien dalam posisi yang nyaman**: Jika pasien tidak dapat berdiri dengan sendirinya, letakkannya di tempat yang aman dan nyaman untuk mengurangi risiko cedera lebih lanjut. Pastikan dia dalam posisi tegak atau duduk dengan kaki-nya terangkat sekitar 12 inci dari lantai.\n4.  **Berikan oksigen**: Jika tersedia, berikan pasien oksigen untuk membantu meningkatkan kadar oksigen dalam darah dan mengurangi kebutuhan jantung untuk bekerja keras.\n5.  **Jangan memberikan obat-obatan:** Tidak ada obat yang dapat menyelamatkan nyawa seseorang yang sedang mengalami serangan jantung. Jika pasien menggunakan nitrat atau obat lainnya, tidak boleh digunakan tanpa instruksi dokter.\n6.  **Tetap bersama sampai ambulans datang:** Jaga pasien tetap di dekat Anda sampai ambulans tiba dan mereka bisa memindahkan pasien ke rumah sakit.\n\nPenting untuk diingat bahwa pertolongan pertama adalah langkah awal dalam proses penyelamatan. Segera hubungi layanan darurat atau ambulans jika Anda mengira seseorang mengalami serangan jantung.",None,combination_3,mxbai-embed-large,llama3.1,False,0.3333333333
Apa hal-hal yang dapat menyebabkan penyakit hipertensi?,"Hipertensi sekunder bisa disebabkan oleh sejumlah kondisi, yaitu:\n\nPenyakit ginjal\nPenyakit kelenjar tiroid\nTumor kelenjar adrenal\nKelainan bawaan pada pembuluh darah\nKecanduan alkohol\nPenyalahgunaan NAPZA\nGangguan pernapasan yang terjadi saat tidur (sleep apnea)\nKonsumsi obat-obatan tertentu, seperti obat antiinflamasi nonsteroid (NSAID), obat batuk pilek, atau pil KB","['Topik: Hipertensi, Subtopik: Penyebab Hipertensi: Faktor Risiko Hipertensi \n Ada beberapa faktor yang bisa meningkatkan risiko seseorang terserang hipertensi, yaitu:\n- Berusia di atas 65 tahun\n- Sedang hamil\n- Jarang berolahraga dan jarang melakukan aktivitas fisik\n- Kurang mengonsumsi makanan yang mengandung kalium\n- Memiliki keluarga dengan riwayat tekanan darah tinggi\n- Menderita obesitas, sleep apnea, diabetes, atau penyakit ginjal\n- Mengonsumsi terlalu banyak makanan tinggi garam\n- Mengonsumsi terlalu banyak kafein\n- Memiliki kebiasaan merokok dan mengonsumsi minuman beralkohol\n', 'Topik: Hipertensi, Subtopik: Pengertian Hipertensi \n Hipertensi atau darah tinggi adalah kondisi ketika tekanan darah berada pada angka 130/80 mmHg atau lebih. Jika tidak segera ditangani, hipertensi bisa menyebabkan komplikasi serius, seperti gagal jantung, penyakit ginjal, hingga stroke.\nTekanan darah dinyatakan dalam dua nilai angka yang dipisahkan dengan garis miring atau yang biasanya disebut  per  . Angka di awal, yaitu di sebelah kiri garis miring menandakan tekanan sistolik. Ini adalah tekanan di dalam pembuluh darah ketika jantung berkontraksi untuk memompa darah keluar dari jantung.\n\nAngka di akhir yang berada setelah garis miring menandakan tekanan diastolik, yaitu tekanan darah saat jantung berelaksasi dan menyedot atau menerima darah masuk kembali ke dalam jantung.\nPada kondisi normal, tekanan darah orang dewasa adalah 120/80 mmHg. Artinya, tekanan sistoliknya adalah 120 mmHg dan diastoliknya 80 mmHG.\nTekanan darah tinggi yang terjadi terus-menerus dapat membuat jantung bekerja lebih keras untuk memompa darah ke seluruh tubuh. Kondisi ini lama-kelamaan bisa membuat jantung membesar, merusak pembuluh darah, dan membuat ginjal tidak bisa bekerja dengan baik.\nOleh karena itu, hipertensi perlu segera ditangani. Setelah tekanan darah kembali normal pun, perlu terus dilakukan pemantauan dan bahkan penggunaan obat rutin agar tekanan darah selalu terkontrol.\n', 'Topik: Hipertensi, Subtopik: Komplikasi Hipertensi \n Tekanan darah tinggi bisa merusak pembuluh darah dan organ-organ lain di dalam tubuh. Jika tidak segera diobati, tekanan darah tinggi bisa menimbulkan penyakit serius, seperti:\n- Gangguan penglihatan hingga kebutaan akibat retinopati hipertensi\n\n- Sindrom metabolik\n- Penyakit ginjal\n- Penyakit arteri perifer\n- Penyakit jantung (hypertensive heart disease)\n- Serangan jantung\n- Gagal jantung atau jantung lemah\n\n- Demensia vaskular\n- Aneurisma otak\n- Stroke\nHipertensi yang tidak terkontrol dengan baik berisiko menjadi krisis hipertensi. Kondisi ini berbahaya dan memerlukan penanganan segera di IGD.\n']","Hal-hal yang dapat menyebabkan penyakit hipertensi meliputi faktor risiko seperti usia di atas 65 tahun, berusia siaga hamil, jarang berolahraga dan melakukan aktivitas fisik, kurang mengonsumsi makanan yang mengandung kalium, memiliki keluarga dengan riwayat tekanan darah tinggi, menderita obesitas, sleep apnea, diabetes, atau penyakit ginjal, mengonsumsi terlalu banyak makanan tinggi garam, mengonsumsi terlalu banyak kafein, memiliki kebiasaan meroket dan mengonsumsi minuman beralkohol.",None,combination_4,mxbai-embed-large,deepseek-v2,False,0.0
Bagaimana pertolongan pertama untuk penderita penyakit jantung?,"Lakukan pertolongan pertama berupa cardiopulmonary resuscitation (CPR) atau resusitasi jantung paru (RJP). Namun, jika memungkinkan, bawalah penderita langsung ke instalasi gawat darurat (IGD) rumah sakit terdekat.","['Topik: Serangan Jantung, Subtopik: Pencegahan Serangan Jantung: Menjalani pemeriksaan kesehatan secara rutin \n Rutin menjalani pemeriksaan kesehatan setidaknya 1 tahun sekali dapat membantu mendeteksi penyakit jantung lebih dini. Meski cara deteksi penyakit jantung lewat jari bisa dilakukan secara mandiri, namun untuk memastikan kondisi kesehatan sebenarnya, Anda sebaiknya melakukan pemeriksaan kesehatan rutin ke fasilitas kesehatan. Selain penyakit jantung, pemeriksaan ini juga dapat mendeteksi gangguan pada tekanan darah, kadar gula darah dan kolesterol, serta berbagai penyakit lainnya.\n', 'Topik: Serangan Jantung, Subtopik: Gejala Serangan Jantung \n Serangan jantung bisa muncul secara mendadak dengan beberapa gejala berikut:\n- Nyeri dada sebelah kiri seperti tertekan atau tertindih, yang dapat menjalar ke daerah leher, rahang, lengan, atau punggung\n- Gangguan pencernaan, seperti mual, muntah, atau sakit perut\n\n- Batuk atau mengi\n\n- Sesak napas\n- Pusing\n- Keringat dingin\n- Gelisah dan cemas\n- Penurunan kesadaran\nSerangan jantung tidak selalu muncul mendadak. Terkadang, beberapa hari atau minggu sebelumnya, penderita sudah merasakan nyeri dada (angina) yang muncul saat beraktivitas dan mereda saat beristirahat.\nBahkan, pada beberapa kasus, serangan jantung tidak menimbulkan gejala sama sekali, terutama pada penderita diabetes, wanita, dan lansia.\n', 'Topik: Serangan Jantung, Subtopik: Pengertian Serangan Jantung \n Serangan jantung adalah gangguan jantung serius ketika otot jantung tidak mendapat aliran darah. Kondisi ini akan mengganggu fungsi jantung dalam mengalirkan darah ke seluruh tubuh. Serangan jantung dapat menyebabkan kematian bila tidak segera tertangani.\nSerangan jantung, atau disebut juga infark miokard, terjadi akibat terhambatnya aliran darah ke otot jantung. Penyebab utama kondisi ini adalah penyakit jantung koroner.\n\nPenyakit jantung koroner terjadi ketika pembuluh darah koroner yang memasok darah ke jantung tersumbat. Penyumbatan ini terjadi karena timbunan kolesterol yang membentuk plak di dinding pembuluh darah.\n']","Pertolongan pertama untuk penderita jantung termasuk tahap-tahap dasar seperti memastikan keamanan situasi, menghentikan aktivitas yang sedang berjalan dan memberikan obat asisten atau asupan garam dalam hal ini. Selain itu, segera menghubungi 911 (atau ambulance di negara lain) untuk mendapatkan bantuan medis lebih lanjut dan mengarahkan mereka ke fasilitas keselamatan jantung yang siaga.",None,combination_4,mxbai-embed-large,deepseek-v2,False,0.3333333333
Makanan apa yang tepat untuk mencegah penyakit jantung koroner?,"Makanan tinggi serat, seperti sayur dan buah. Selain itu, tingkatkan kadar kolesterol baik atau HDL dengan memperbanyak konsumsi makanan tinggi lemak tak jenuh. Jenis makanan ini antara lain minyak ikan, minyak zaitun, minyak biji bunga matahari, minyak sayur, serta alpukat dan kacang-kacangan.","['Topik: Penyakit Jantung Koroner, Subtopik: Pencegahan Penyakit Jantung Koroner: Berolahraga rutin \n Pola makan sehat yang dikombinasikan dengan olahraga rutin dapat menjaga berat badan ideal. Di samping itu, olahraga rutin dapat menurunkan kadar kolesterol dan menjaga tekanan darah tetap normal.\nLuangkan waktu untuk berolahraga setidaknya 150 menit dalam seminggu, misalnya dengan jogging, senam, atau renang. Namun, bagi orang yang berisiko terserang penyakit jantung koroner, diskusikan terlebih dahulu dengan dokter mengenai jenis dan durasi olahraga yang tepat.\n', 'Topik: Penyakit Jantung Koroner, Subtopik: Pencegahan Penyakit Jantung Koroner: Mengonsumsi obat dengan benar \n Pastikan untuk mengikuti petunjuk dokter dalam mengonsumsi obat-obatan. Penting untuk diingat bahwa jangan menghentikan pengobatan tanpa berkonsultasi dengan dokter, karena berisiko memperburuk penyakit yang diderita.\nBeberapa upaya lain untuk mencegah penyakit jantung koroner adalah:\n- Berhenti merokok\n- Membatasi konsumsi minuman beralkohol\n- Mengelola stres dengan baik\n- Mempertahankan berat badan ideal\n- Menjalani pemeriksaan tekanan darah, gula darah, dan kolesterol secara berkala\n', 'Topik: Penyakit Jantung Koroner, Subtopik: Pencegahan Penyakit Jantung Koroner \n Cara untuk mencegah penyakit jantung koroner adalah dengan menjalani pola hidup sehat, seperti:\n']","Makanan yang tepat untuk mencegah penyakit jantung koroner adalah:\n- Buah-buahan seperti apel, jeruk, dan semangka.\n- Sayuran seperti brokoli, wortel, dan buncis.\n- Makanan laut seperti udang dan ikan salmon.","Makanan yang baik untuk pencegahan penyakit jantung koroner antara lain adalah buah-buahan dan sayuran segar, seperti apel, jeruk, brokoli dan wortel. Selain itu, makanan yang mengandung omega-3 seperti ikan salmon atau sarden juga dapat membantu dalam pencegahan penyakit jantung koroner.",combination_5,nomic-embed-text,llama3.1,True,0.0
Apa gejala yang menunjukkan seseorang mengalami angin duduk?,Beberapa gejala lain yang dapat menyertai nyeri dada pada angin duduk atau angina adalah:\n\nKeringat dingin\nMual\nPusing\nLemas\nSesak napas,"['Topik: Angin Duduk, Subtopik: Pengertian Angin Duduk \n Angin duduk adalah nyeri dada yang disebabkan oleh berkurangnya aliran darah ke otot jantung. Kondisi ini sering kali disalahartikan dan diremehkan karena gejalanya mirip dengan masalah yang ringan. Padahal, angin duduk berkaitan erat dengan gangguan jantung yang perlu segera ditangani.\nAngina pectoris atau angin duduk ditandai dengan nyeri dada yang seperti tertindih, terbakar, atau tertusuk. Keluhan ini lebih sering muncul saat penderitanya sedang beraktivitas, yaitu ketika jantung memompa darah lebih cepat. \n\nAngin duduk dapat ditangani dengan pengobatan dari dokter dan dengan menjalani gaya hidup sehat. Jika ditangani dengan baik, penderita angin duduk dapat terhindar dari komplikasi yang serius.\n', 'Topik: Angin Duduk, Subtopik: Diagnosis Angin Duduk \n Sebagai langkah awal, dokter akan memeriksa gejala-gejala yang muncul pada pasien. Dokter juga akan menanyakan kapan gejala muncul dan apakah terjadi secara berkala atau tiba-tiba. Selain itu, dokter juga akan menanyakan riwayat kesehatan pada keluarga pasien. \nPemeriksaan kemudian dilanjutkan dengan mengukur berat badan dan tekanan darah. Untuk mengetahui penyebab munculnya angin duduk, dokter juga dapat melakukan pemeriksaan berikut: \n', 'Topik: Angin Duduk, Subtopik: Pengertian Angin Duduk \n Angina pectoris atau angin duduk ditandai dengan nyeri dada yang seperti tertindih, terbakar, atau tertusuk. Keluhan ini lebih sering muncul saat penderitanya sedang beraktivitas, yaitu ketika jantung memompa darah lebih cepat. \n\nAngin duduk dapat ditangani dengan pengobatan dari dokter dan dengan menjalani gaya hidup sehat. Jika ditangani dengan baik, penderita angin duduk dapat terhindar dari komplikasi yang serius.\n']","Gejala yang menunjukkan seseorang mengalami angin duduk adalah nyeri dada yang seperti tertindih, terbakar, atau tertusuk. Keluhan ini lebih sering muncul saat penderitanya sedang beraktivitas, yaitu ketika jantung memompa darah lebih cepat.",Gejala yang menunjukkan seseorang mengalami angina pektoris (angin duduk) antara lain nyeri dada atau kesulitan bernapas. Nyeri ini biasanya terjadi ketika tubuh melakukan aktivitas fisik dan berkurang saat istirahat.,combination_5,nomic-embed-text,llama3.1,True,0.0
Apa alat bantu untuk menangani pasien yang mengalami syok kardiogenik?,"Beberapa alat bantu yang dapat dipasang adalah:\n\nExtracorporeal membrane oxygenation (ECMO), untuk meningkatkan aliran darah dan suplai oksigen ke seluruh tubuh\nPemasangan alat pacu jantung, untuk mengembalikan irama jantung ke dalam kondisi normal","['Topik: Syok Kardiogenik, Subtopik: Pengobatan Syok Kardiogenik: Pengobatan gawat darurat \n Saat penderita syok kardiogenik tiba di IGD, dokter akan melakukan penanganan untuk menstabilkan kondisi penderita, antara lain dengan:\n- Memastikan jalan napas pasien aman dan tidak ada sumbatan\n- Memberikan oksigen tambahan dengan bantuan nasal kanul, masker pernapasan, atau ventilator\n\n- Memberikan cairan dan obat melalui infus\n', 'Topik: Syok Kardiogenik, Subtopik: Pengertian Syok Kardiogenik \n Syok kardiogenik adalah syok yang disebabkan oleh ketidakmampuan jantung untuk memompa darah ke seluruh tubuh. Syok kardiogenik merupakan kondisi yang berbahaya dan perlu mendapatkan penanganan secepatnya.\nBeberapa gejala yang terjadi saat seseorang mengalami syok kardiogenik adalah penurunan tekanan darah, denyut nadi cepat tetapi lemah, sesak napas, ujung kaki dan tangan terasa dingin, hingga penurunan kesadaran.\n\n', 'Topik: Syok Kardiogenik, Subtopik: Pengobatan Syok Kardiogenik: Obat-obatan \n Ada beberapa jenis obat yang dapat diberikan kepada pasien, di antaranya:\n- Agen inotropik, seperti norepinephrine, dopamine, atau dobutamin, untuk meningkatkan fungsi jantung\n- Obat antiplatelet, seperti clopidogrel atau aspirin, untuk mencegah pembentukan gumpalan darah baru\n- Obat antikoagulan, seperti heparin, untuk menurunkan risiko terbentuknya gumpalan darah setelah serangan jantung\n- Obat antiaritmia, untuk mengembalikan irama jantung menjadi lebih teratur\n']","Alat bantu utama yang umum digunakan untuk menangani pasien yang mengalami syok kardiogenik adalah alat vital dan obat-obatan. \n\nDalam hal ini, dokter akan melakukan beberapa tindakan sebagai berikut:\n1. Mengamati dan memastikan bahwa jalan napas pasien aman dan tidak ada sumbatan. (Dari konteks yang diberikan)\n2. Memberikan oksigen tambahan melalui nasal kanul, masker pernapasan, atau ventilator untuk meningkatkan kadar oksigen dalam sirkulasi darah pasien dan mengatasi penyumbatan asidosis. (Dari konteks yang diberikan)\n3. Memberikan cairan dan obat melalui infus, seperti agen inotropik untuk meningkatkan kontraksi jantung atau antiarrhythmia untuk mengembalikan ritme jantung ke normal. (Berdasarkan konteks yang diberikan)\n4. Menggunakan elektrokaustik untuk mencegah fibrilasi ventrikular dan mengembalikan ritme jantung ke stabil. (Berdasarkan konteks yang diberikan)","Alat bantu utama dalam menangani pasien yang mengalami syok kardiogenik termasuk alat pengganti ginjal, pengobatan intravenous (IV), dan perawatan medis ekstensif. Penting untuk segera memberikan obat antihipertensi seperti adrenalin atau noradrenalin, mengatur denyut jantung dengan defibrilator atau zokin, serta memastikan pasien tetap teratur nafas dan mendapatkan oksigen yang cukup. Selain itu, penanganan medis lebih lanjut seperti reanimasi dada juga harus siap untuk menghindari kerugian jasmanat pada saat ini yang sangat serius.",combination_6,nomic-embed-text,deepseek-v2,True,0.0
Apa saja obat yang direkomendasikan untuk penderita penyakit gagal jantung?,"Beberapa jenis obat yang dapat diresepkan adalah:\n\nDiuretik, seperti spironolactone, furosemide, indapamide, dan acetazolamide untuk mencegah pengumpulan cairan di dalam tubuh\nPenghambat beta, seperti carvedilol dan bisoprolol, untuk memperlambat jantung dan menurunkan tekanan darah\nACE inhibitor, seperti lisinopril, ramipril, dan perindopril, untuk mengurangi ketegangan pada pembuluh darah, menurunkan tekanan darah, dan melancarkan aliran darah\nAngiotensin II receptor blockers (ARB), seperti candesartan, valsartan, dan telmisartan, untuk mengurangi ketegangan pada pembuluh darah pada pasien yang tidak cocok dengan ACE inhibitor\nDigoxin, untuk meningkatkan kekuatan otot jantung\nIvabradine, untuk memperlambat laju denyut jantung\nTolvaptan, untuk mengembalikan kadar natrium darah yang dapat menurun pada pasien gagal jantung\nEmpagliflozin, untuk menurunkan tekanan darah dan beban kerja jantung pada pasien yang juga memiliki diabetes tipe 2.","['Topik: Gagal Jantung, Subtopik: Diagnosis Gagal Jantung \n Untuk mendiagnosis gagal jantung, dokter akan menanyakan gejala yang dialami pasien, riwayat kesehatan pasien dan keluarga, serta obat-obatan yang dikonsumsi.\nSelanjutnya, dokter akan melakukan pemeriksaan fisik untuk melihat tanda-tanda gagal jantung, seperti pembengkakan di kaki atau pergelangan kaki. Dokter juga akan memeriksa detak jantung menggunakan stetoskop.\nDokter dapat melakukan beberapa pemeriksaan penunjang untuk memastikan diagnosis. Beberapa pemeriksaan tersebut adalah:\n- Tes darah, untuk mendeteksi hormon brain natriuretic peptide (BNP) yang kadarnya akan meningkat bila terjadi gagal jantung, dan mendeteksi penyakit yang dapat menjadi penyebab gagal jantung\n- Foto Rontgen dada, untuk mendeteksi pembesaran jantung atau penumpukan cairan dalam paru-paru yang umum terjadi pada penderita gagal jantung\n- Elektrokardiografi, untuk merekam perubahan aktivitas listrik jantung atau mendeteksi gangguan irama jantung yang bisa menjadi penyebab gagal jantung\n- Ekokardiografi, untuk melihat struktur organ jantung secara lebih jelas dengan bantuan gelombang suara berfrekuensi tinggi\n- CT scan atau MRI jantung, untuk memperoleh gambaran yang lebih detail mengenai kondisi organ jantung\n- Katerisasi jantung, untuk mendeteksi penyumbatan pada pembuluh darah jantung\n', 'Topik: Gagal Jantung, Subtopik: Pencegahan Gagal Jantung \n Untuk mencegah terjadinya gagal jantung, cara terbaik yang dapat dilakukan adalah menjalani pola hidup sehat, seperti:\n- Menjaga berat badan agar tetap ideal, atau mengurangi berat badan jika memiliki berat badan berlebih\n- Mengonsumsi makanan yang tinggi serat atau tinggi protein, seperti sayur, buah, ikan, dan biji-bijian atau serealia\n\n- Mengurangi asupan gula dan garam\n- Mengurangi konsumsi minuman beralkohol\n- Berolahraga secara rutin, setidaknya 30 menit setiap hari\n- Mencukupi waktu tidur dan istirahat\n- Mengelola stres dengan baik\n- Tidak merokok\nSelain dengan menjalani pola hidup sehat, gagal jantung juga dapat dicegah dengan menjalani pemeriksaan kesehatan secara rutin, seperti pemeriksaan tekanan darah, gula darah, dan kolesterol.\nBagi penderita kondisi atau penyakit yang dapat menyebabkan gagal jantung, seperti penyakit jantung atau diabetes, jalani pengobatan yang telah diberikan oleh dokter dan lakukan kontrol secara rutin.\n', 'Topik: Gagal Jantung, Subtopik: Penyebab Gagal Jantung: Faktor Risiko Gagal Jantung \n Meski dapat terjadi pada siapa saja, ada beberapa faktor yang dapat meningkatkan risiko terjadinya gagal jantung pada seseorang, yaitu:\n- Berusia di atas 65 tahun\n- Memiliki keluarga dengan riwayat gagal jantung\n- Memiliki berat badan berlebih atau obesitas\n\n- Merokok\n- Sering mengonsumsi makanan tinggi lemak dan kolesterol\n\n- Jarang berolahraga\n- Mengonsumsi minuman beralkohol secara berlebihan\n- Mengonsumsi obat-obatan tertentu, seperti obat pereda nyeri dan obat antihipertensi\n']","Untuk menggugah kesehatan dan mencegah gejala-gejala gagal jantung, dokter umumnya merekomendasikan beberapa jenis obat. Berikut ini beberapa obat yang sering digunakan untuk pengobatan penyakit jantung:\n\n1. Diuretik atau obat untuk menurunkan tekanan darah dan mengeluarkan cairan di luar sistem peredaran darah (edema):\n   - *Furosemide*: merupakan obat yang umum digunakan sebagai pengeluaran air dalam tubuh.\n   - *Spironolakton*: biasanya digunakan untuk menurunkan tekanan darah dan mengeluarkan cairan di luar sistem peredaran darah, serta membantu mengatasi edema.\n\n2. Agonist/antagonist kolinergik:\n   - *Soduim nitroprussid*: obat ini bekerja dengan cara menyebarkan nitrogen monoksida ke tubuh, yang akan mengecil jantung dan mengurangi tekanan darah.\n\n3. Beta-bloker:\n   - *Metoprolol* dan *Bisoprolol*: obat ini membantu mengontrol ritme jantung dengan cara mereduksi jumlah darah yang dipompa oleh jantung, sehingga tekanan darah menjadi lebih stabil.\n\n4. Angiotensin II receptor antagonis (ARBs):\n   - *Losartan* dan *Valsartan*: obat ini membantu mengurangi beban pada jantung dengan mencegah aktivitas enzim angiotensin II, yang biasanya akan mengebarki otot jantung dan memperkuat tekanan darah.\n\n5. Angkaosterol siklisasi:\n   - *Anakinra*: ini bukan obat untuk manusia tetapi sebagai contoh penggunaan biologic dalam penatalesan gagal jantung, anakinra digunakan untuk mengurangi risiko terjadinya gagal jantung.\n\n6. Angkaosterol siklisasi:\n   - *Anakinra*: ini bukan obat untuk manusia tetapi sebagai contoh penggunaan biologic dalam penatalesan gagal jantung, anakinra digunakan untuk mengurangi risiko terjadinya gagal jantung.\n\n7. *Angiotensin konverting enzyme (ACE) inhibitor*:\n   - *Lisinopril* dan *Ramipril*: obat ini membantu mengurangi tekanan darah, menghambat penyumbatan pembuluh darah jantung, dan mencegah gagal jantung.\n\n8. Agonist kolinergik:\n   - *Irbesartan*: obat ini digunakan untuk mengontrol ritme jantung dan menurunkan tekanan darah serta mengeluarkan cairan di luar sistem peredaran darah pada pasien yang memiliki riwayat penyakit jantung.\n\n9. *Spironolakton*: obat ini digunakan untuk menurunkan tekanan darah dan mengeluarkan cairan di luar sistem peredaran darah pada pasien yang memiliki riwayat penyakit jantung.\n\n10. *Bisoprolol*: obat ini digunakan untuk menurunkan tekanan darah dan mengontrol ritme jantung serta mengeluarkan cairan di luar sistem peredaran darah pada pasien yang memiliki riwayat penyakit jantung.\n\nSemua obat tersebut harus diakui, digunakan atau tidaknya ditentukan oleh dokter khususnya di bidang gigi kardiologis dan ahli kesehatan lain yang mengetahui dosis dan cara pemberian obat dengan benar.\n\nJangan gunakan obat tanpa nasihat dokter terlebih dahulu, karena beberapa obat ini bersifat beracun dalam jumlah kecil dan mengakibatkan gejala-gejala parah.","Obat-obatan yang umum direkomendasikan bagi pasien dengan penyakit jantung atau gangguan pada sistem peredaran darah, seperti gagal jantung, meliputi zat aktif untuk mengekang otot hati (beta blokader), memperkuat denyut jantung, dan mengurangi tekanan. Berikut beberapa jenis obat yang sering diberikan:\n\n1. Beta Blokade: Obat ini mereduksi denyut jantung, menghilangkan rasa ngeri pada bahagian belakang tenggorok, dan mengurangi tekanan darah tinggi. Contoh umum termasuk propranolol, bisoprolol, metoprolol, dan atenolol.\n2. Diuretik: Obat ini membantu mengeluarkan air berlebihan dalam tubuh untuk menurunkan tekanan darah dan mengurangi edema (pemunisan). Contohnya furosemid, torasemid, dan spironolakton.\n3. Antiaggregan: Obat ini memblokir serabut zat penyebab agregasi sel yang berhubungan dengan penggumpalan darah, menghindari terbentuknya trombos ke dalam arteri lain. Salbutamol dan clopidogrel adalah contoh antiaggregan.\n4. Angiotensin II receptor blokir (ARBS): Obat ini mengurangi sistem peredaran darah alami yang berlebihan, mengecilkan otot hati, dan menaikkan tekanan darah. Contohnya losartan, valsartan, irbesartan, dan candesartan.\n5. Kardiotonik: Obat ini memperkuat denyut jantung yang normal atau meningkatkan jumlah serabut nadi untuk mengatasi gangguan ritme jantung. Contohnya digoxin.\n6. Antihipertrofi oblat: Obat ini meéåˆ¶ otot hati, mengurangi tekanan darah dan menghilangkan edema dengan cara yang sama seperti ARBS tetapi tanpa memakai enzim konversi angiotensin I ke II. Contohnya carvedilol, metoprolol suksesor, and nebivolol.\n7. Antikoagulan: Obat ini digunakan untuk mencegah terbentuknya trombus dalam arteri atau pembekuan darah, seperti dalam penyakit jantung gangguan jalan atau stroke. Contohnya heparin, warfarin, dan dabigatran.\n\nPenting untuk diingat bahwa obat-obatan ini seringkali diberikan bersamaan dan harus direncanakan oleh dokter khusus atau ahli medis yang memiliki pengetahuan lanjutan mengenai gejala, tindak balas pasien, dan kombinasi efek obat.",combination_6,nomic-embed-text,deepseek-v2,True,0.0
Apa hal-hal yang dapat menyebabkan penyakit hipertensi?,"Hipertensi sekunder bisa disebabkan oleh sejumlah kondisi, yaitu:\n\nPenyakit ginjal\nPenyakit kelenjar tiroid\nTumor kelenjar adrenal\nKelainan bawaan pada pembuluh darah\nKecanduan alkohol\nPenyalahgunaan NAPZA\nGangguan pernapasan yang terjadi saat tidur (sleep apnea)\nKonsumsi obat-obatan tertentu, seperti obat antiinflamasi nonsteroid (NSAID), obat batuk pilek, atau pil KB","['Topik: Hipertensi, Subtopik: Penyebab Hipertensi: Faktor Risiko Hipertensi \n Ada beberapa faktor yang bisa meningkatkan risiko seseorang terserang hipertensi, yaitu:\n- Berusia di atas 65 tahun\n- Sedang hamil\n- Jarang berolahraga dan jarang melakukan aktivitas fisik\n- Kurang mengonsumsi makanan yang mengandung kalium\n- Memiliki keluarga dengan riwayat tekanan darah tinggi\n- Menderita obesitas, sleep apnea, diabetes, atau penyakit ginjal\n- Mengonsumsi terlalu banyak makanan tinggi garam\n- Mengonsumsi terlalu banyak kafein\n- Memiliki kebiasaan merokok dan mengonsumsi minuman beralkohol\n', 'Topik: Hipertensi, Subtopik: Pengertian Hipertensi \n Hipertensi atau darah tinggi adalah kondisi ketika tekanan darah berada pada angka 130/80 mmHg atau lebih. Jika tidak segera ditangani, hipertensi bisa menyebabkan komplikasi serius, seperti gagal jantung, penyakit ginjal, hingga stroke.\nTekanan darah dinyatakan dalam dua nilai angka yang dipisahkan dengan garis miring atau yang biasanya disebut  per  . Angka di awal, yaitu di sebelah kiri garis miring menandakan tekanan sistolik. Ini adalah tekanan di dalam pembuluh darah ketika jantung berkontraksi untuk memompa darah keluar dari jantung.\n\nAngka di akhir yang berada setelah garis miring menandakan tekanan diastolik, yaitu tekanan darah saat jantung berelaksasi dan menyedot atau menerima darah masuk kembali ke dalam jantung.\nPada kondisi normal, tekanan darah orang dewasa adalah 120/80 mmHg. Artinya, tekanan sistoliknya adalah 120 mmHg dan diastoliknya 80 mmHG.\nTekanan darah tinggi yang terjadi terus-menerus dapat membuat jantung bekerja lebih keras untuk memompa darah ke seluruh tubuh. Kondisi ini lama-kelamaan bisa membuat jantung membesar, merusak pembuluh darah, dan membuat ginjal tidak bisa bekerja dengan baik.\nOleh karena itu, hipertensi perlu segera ditangani. Setelah tekanan darah kembali normal pun, perlu terus dilakukan pemantauan dan bahkan penggunaan obat rutin agar tekanan darah selalu terkontrol.\n', 'Topik: Hipertensi, Subtopik: Komplikasi Hipertensi \n Tekanan darah tinggi bisa merusak pembuluh darah dan organ-organ lain di dalam tubuh. Jika tidak segera diobati, tekanan darah tinggi bisa menimbulkan penyakit serius, seperti:\n- Gangguan penglihatan hingga kebutaan akibat retinopati hipertensi\n\n- Sindrom metabolik\n- Penyakit ginjal\n- Penyakit arteri perifer\n- Penyakit jantung (hypertensive heart disease)\n- Serangan jantung\n- Gagal jantung atau jantung lemah\n\n- Demensia vaskular\n- Aneurisma otak\n- Stroke\nHipertensi yang tidak terkontrol dengan baik berisiko menjadi krisis hipertensi. Kondisi ini berbahaya dan memerlukan penanganan segera di IGD.\n']","Penyakit hipertensi adalah kondisi ketika tekanan darah seseorang berada pada angka 130/80 mmHg atau lebih. Hal-hal yang dapat menyebabkan penyakit hipertensi meliputi:\n\n1. Berusia di atas 65 tahun: Usia tua sering kali dikaitkan dengan risiko mengembangkan hipertensi karena kemampuan tubuh untuk menyesuaikan tekanan darah secara alami menurun seiring berjalannya waktu.\n\n2. Sedang hamil: Kondisi ini dapat menyebabkan peningkatan tekanan darah karena perubahan dalam sistem kardiovaskular dan endokrin yang terjadi selama kehamilan.\n\n3. Jarang berolahraga dan jarang melakukan aktivitas fisik: Kurangnya aktivitas fisik dapat memicu peningkatan tekanan darah, karena tubuh tidak mendapatkan cukup stimulasi untuk menjaga kesehatan pembuluh darah dan jantung.\n\n4. Kurang mengonsumsi makanan yang mengandung kalium: Kalium berperan penting dalam menjaga keseimbangan cairan tubuh dan menurunkan tekanan darah. Makanan yang rendah kalium dapat meningkatkan risiko hipertensi.\n\n5. Memiliki keluarga dengan riwayat tekanan darah tinggi: Riwayat keluarga yang memiliki tekanan darah tinggi dapat meningkatkan risiko seseorang mengembangkan kondisi yang sama, karena faktor genetik berperan dalam determinasi tekanan darah.\n\n6. Menderita obesitas, sleep apnea, diabetes, atau penyakit ginjal: Kondisi-kondisi ini dapat menyebabkan peningkatan tekanan darah dengan cara yang berbeda-beda, tergantung pada bagaimana kondisi tersebut mempengaruhi sistem kardiovaskular dan endokrin tubuh.\n\n7. Mengonsumsi terlalu banyak makanan tinggi garam: Konsumsi makanan tinggi garam secara berlebihan dapat meningkatkan tekanan darah, karena tubuh harus bekerja lebih keras untuk memompa darah melalui pembuluh darah yang semakin sempit.\n\n8. Mengonsumsi terlalu banyak kafein: Kafein dapat meningkatkan tekanan darah dengan cara menstimulasi jantung dan pembuluh darah untuk berkontraksi lebih keras.\n\n9. Memiliki kebiasaan merokok dan mengonsumsi minuman beralkohol: Merokok dan konsumsi alkohol secara terus-menerus dapat meningkatkan tekanan darah dengan cara yang kompleks, melibatkan perubahan pada sistem kardiovaskular dan endokrin tubuh.","Penyakit hipertensi atau tekanan darah tinggi biasanya disebabkan oleh beberapa faktor dan kondisi tubuh, seperti: \n\n- Faktor genetik. Jika ayah atau ibu Anda memiliki hipertensi maka kemungkinan anaknya akan mengalami hal yang sama lebih besar.\n- Faktor usia. Semakin tua seseorang, semakin besar pula kemungkinan terkena penyakit hipertensi.\n- Faktor gaya hidup. Banyak orang yang mengalami peningkatan tekanan darah karena adanya faktor gaya hidup seperti merokok dan minum alkohol secara berlebihan, serta tidak melakukan olahraga atau berolahraga kurang.\n- Faktor nutrisi. Konsumsi makanan yang tinggi garam dapat menyebabkan tekanan darah meningkat.",combination_7,mxbai-embed-large,llama3.1,True,0.0
Apa saja faktor risiko penyakit emboli?,"Angin duduk dapat dicegah melalui beberapa cara berikut:\n\nBerolahraga secara rutin, misalnya bersepeda santai, berjalan kaki, atau berenang\nMengonsumsi makanan yang sehat untuk jantung, terutama makanan yang mengandung serat dan lemak tak jenuh, seperti sayuran, buah-buahan, ikan tuna, dan minyak zaitun\nMenghindari konsumsi makanan yang tinggi garam dan lemak jenuh, seperti santan, gorengan, keju, dan mentega\nMengonsumsi obat secara rutin sesuai anjuran dokter \nMenjaga berat badan ideal\nMenghindari konsumsi minuman beralkohol\nTidak merokok","['Topik: Emboli, Subtopik: Faktor risiko emboli \n Ada beberapa faktor yang dapat meningkatkan risiko seseorang mengalami emboli, yaitu:\n- Merokok\n- Berusia 60 tahun atau lebih\n- Sedang hamil\n- Mengalami berat badan berlebih atau obesitas\n- Tidak aktif bergerak untuk waktu yang lama, misalnya karena kelumpuhan atau menjalani rawat inap intensif di rumah sakit\n- Menderita penyakit jantung, kelainan katup jantung, fibrilasi atrium\n\n- Memiliki kelainan pada pembuluh darah vena\n- Menderita infeksi atau peradangan yang parah, kanker, kolesterol tinggi, atau diabetes\n- Sedang menjalani terapi hormon\n', 'Topik: Emboli, Subtopik: Pencegahan Emboli \n Emboli tidak selalu dapat dicegah. Meski demikian, ada upaya yang dapat dilakukan untuk mengurangi risiko terjadinya emboli, antara lain:\n- Rutin berolahraga, setidaknya 30 menit sehari\n- Minum air putih yang cukup\n- Menerapkan pola makan sehat dan bergizi seimbang\n- Membatasi asupan garam dengan diet rendah garam\n\n- Mempertahankan berat badan ideal\n- Berhenti merokok dan hindari konsumsi minuman beralkohol\n- Tidak duduk terlalu lama atau kurang aktif bergerak\n- Menjalani pemeriksaan kesehatan secara berkala\n', 'Topik: Emboli, Subtopik: Pengertian Emboli \n Emboli adalah kondisi ketika pembuluh darah tersumbat oleh zat asing, seperti gumpalan darah, gelembung udara, atau gumpalan kolesterol. Kondisi ini berbahaya dan harus segera diatasi, terutama bila terjadi di paru-paru, otak, atau jantung.\nEmboli menyebabkan pembuluh darah tersumbat. Penyumbatan ini dapat terjadi di pembuluh darah mana saja, mulai dari yang terkecil hingga terbesar, arteri maupun vena. Meski begitu, emboli biasanya lebih sering terjadi di arteri.\n\nEmboli yang terjadi pada arteri akan menyebabkan kurangnya asupan oksigen ke jaringan sehingga hal ini akan mengganggu fungsi jaringan atau organ. Jika tidak ditangani dengan tepat, penyumbatan ini dapat menyebabkan kerusakan permanen\nSementara itu, emboli yang terjadi pada vena akan mengganggu aliran darah yang akan kembali ke jantung. Akibatnya, darah akan membendung dan menyebabkan jaringan membengkak. Jika tidak segera ditangani, kondisi ini juga dapat merusak jaringan dan organ.\n']","Faktor-faktor risiko penyakit emboli adalah sebagai berikut:\n\nMerokok\nBerusia 60 tahun atau lebih\nSedang hamil\nMengalami berat badan berlebih atau obesitas\nTidak aktif bergerak untuk waktu yang lama, misalnya karena kelumpuhan atau menjalani rawat inap intensif di rumah sakit.\nMenderita penyakit jantung, kelainan katup jantung, fibrilasi atrium\n\nMemiliki kelainan pada pembuluh darah vena\nMenderita infeksi atau peradangan yang parah, kanker, kolesterol tinggi, atau diabetes\nSedang menjalani terapi hormon","Faktor risiko penyakit emboli dapat berupa kondisi medis, seperti trombofilia, penyakit jantung koroner, dan penyakit ginjal. Selain itu, faktor lain yang dapat meningkatkan risiko terjadinya penyakit emboli adalah riwayat operasi, obesitas, dan usia lanjut.",combination_7,mxbai-embed-large,llama3.1,True,0.49999999995
Apa saja faktor risiko penyakit emboli?,"Angin duduk dapat dicegah melalui beberapa cara berikut:\n\nBerolahraga secara rutin, misalnya bersepeda santai, berjalan kaki, atau berenang\nMengonsumsi makanan yang sehat untuk jantung, terutama makanan yang mengandung serat dan lemak tak jenuh, seperti sayuran, buah-buahan, ikan tuna, dan minyak zaitun\nMenghindari konsumsi makanan yang tinggi garam dan lemak jenuh, seperti santan, gorengan, keju, dan mentega\nMengonsumsi obat secara rutin sesuai anjuran dokter \nMenjaga berat badan ideal\nMenghindari konsumsi minuman beralkohol\nTidak merokok","['Topik: Emboli, Subtopik: Faktor risiko emboli \n Ada beberapa faktor yang dapat meningkatkan risiko seseorang mengalami emboli, yaitu:\n- Merokok\n- Berusia 60 tahun atau lebih\n- Sedang hamil\n- Mengalami berat badan berlebih atau obesitas\n- Tidak aktif bergerak untuk waktu yang lama, misalnya karena kelumpuhan atau menjalani rawat inap intensif di rumah sakit\n- Menderita penyakit jantung, kelainan katup jantung, fibrilasi atrium\n\n- Memiliki kelainan pada pembuluh darah vena\n- Menderita infeksi atau peradangan yang parah, kanker, kolesterol tinggi, atau diabetes\n- Sedang menjalani terapi hormon\n', 'Topik: Emboli, Subtopik: Pencegahan Emboli \n Emboli tidak selalu dapat dicegah. Meski demikian, ada upaya yang dapat dilakukan untuk mengurangi risiko terjadinya emboli, antara lain:\n- Rutin berolahraga, setidaknya 30 menit sehari\n- Minum air putih yang cukup\n- Menerapkan pola makan sehat dan bergizi seimbang\n- Membatasi asupan garam dengan diet rendah garam\n\n- Mempertahankan berat badan ideal\n- Berhenti merokok dan hindari konsumsi minuman beralkohol\n- Tidak duduk terlalu lama atau kurang aktif bergerak\n- Menjalani pemeriksaan kesehatan secara berkala\n', 'Topik: Emboli, Subtopik: Pengertian Emboli \n Emboli adalah kondisi ketika pembuluh darah tersumbat oleh zat asing, seperti gumpalan darah, gelembung udara, atau gumpalan kolesterol. Kondisi ini berbahaya dan harus segera diatasi, terutama bila terjadi di paru-paru, otak, atau jantung.\nEmboli menyebabkan pembuluh darah tersumbat. Penyumbatan ini dapat terjadi di pembuluh darah mana saja, mulai dari yang terkecil hingga terbesar, arteri maupun vena. Meski begitu, emboli biasanya lebih sering terjadi di arteri.\n\nEmboli yang terjadi pada arteri akan menyebabkan kurangnya asupan oksigen ke jaringan sehingga hal ini akan mengganggu fungsi jaringan atau organ. Jika tidak ditangani dengan tepat, penyumbatan ini dapat menyebabkan kerusakan permanen\nSementara itu, emboli yang terjadi pada vena akan mengganggu aliran darah yang akan kembali ke jantung. Akibatnya, darah akan membendung dan menyebabkan jaringan membengkak. Jika tidak segera ditangani, kondisi ini juga dapat merusak jaringan dan organ.\n']","Faktor risiko penyakit emboli yang dijelaskan dalam konteks tersebut meliputi:\n\n1. Merokok: Pernikahan rokok atau paparan udara kotor secara lebih dapat meningkatkan resiko terkena penyumbatan arteri dan vena, sehingga mengancam kesehatan umum.\n2. Berusia 60 tahun atau lebih: Kemunduran fungsional tubuh berkurang yang dapat meningkatkan resiko terkena penyumbatan arteri dan vena, seperti pembuluh darah retak, penuaan, dan gangguan syaraf.\n3. Sedang hamil: Keadaan dimana seseorang mengalami penggembungan hati atau pendarahan pada rahim yang dapat meningkatkan resiko terkena emboli.\n4. Mengalami berat badan berlebih atau obesitas: Keadaan dimana seseorang memiliki tinggi badan dan berat tubuh yang tidak seimbang, sehingga mengancam kesehatan umum.\n5. Tidak aktif bergerak untuk waktu yang lama: Kegiatan fisik kurang atau tidak adanya asupan oksigen dalam tubuh pada saat ini dapat meningkatkan resiko terkena penyumbatan arteri dan vena.\n6. Menderita penyakit jantung, kelainan katup jantung, fibrilasi atrium: Gejala-gejala yang berkaitan dengan fungsi jantung sendiri seringkali mengancam kesehatan umum dan meningkatkan resiko terkena penyumbatan arteri.\n7. Memiliki kelainan pada pembuluh darah vena: Gejala-gejala yang berkaitan dengan fungsi vena sendiri seringkali mengancam kesehatan umum dan meningkatkan resiko terkena penyumbatan arteri.\n8. Menderita infeksi atau peradangan yang parah, kanker, kolesterol tinggi, atau diabetes: Keadaan medis lainnya seperti infeksi atau peradangan yang parah, gangguan pembentukan sel dan penyakit serupa, kolesterol tinggi, atau diabetes dapat meningkatkan resiko terkena emboli.\n9. Sedang menjalani terapi hormon: Gejala-gejala hormonal yang berkaitan seperti penggunaan obat konvensional dan penyakit lainnya seringkali mengancam kesehatan umum dan meningkatkan resiko terkena emboli.\n10. Memiliki faktor risiko lain yang tidak dijelaskan dalam konteks: Berbagai faktor risiko penyebab emboli dapat beragam, seperti penggunaan obat konvensional dan gangguan syaraf.\n\nPencegahan emboli yang dijelaskan dalam konteks tersebut meliputi:\n1. Rutin berolahraga, setidaknya 30 menit sehari: Kegiatan fisik kurang atau tidak adanya asupatan oksigen dalam tubuh pada saat ini dapat meningkatkan resiko terkena penyumbatan arteri dan vena.\n2. Minum air putih yang cukup: Keadaan dimana seseorang memiliki tinggi badan dan berat tubuh yang tidak seimbang, sehingga mengancam kesehatan umum.\n3. Menerapkan pola makan sehat dan bergizi seimbang: Penggunaan obat konvensional dapat meningkatkan resiko terkena penyumbatan arteri dan vena.\n4. Membatasi asupan garam dengan diet rendah garam: Keadaan dimana seseorang memiliki tinggi badan dan berat tubuh yang tidak seimbang, sehingga mengancam kesehatan umum.\n5. Mempertahankan berat badan ideal: Penggunaan obat konvensional dapat meningkatkan resiko terkena penyumbatan arteri dan vena.\n6. Berhenti merokok dan hindari konsumsi minuman beralkohol: Pernikahan rokok atau paparan udara kotor secara lebih dapat meningkatkan resiko terkena penyumbatan arteri dan vena, sehingga mengancam kesehatan umum.\n7. Tidak duduk terlalu lama atau kurang aktif bergerak: Kegiatan fisik kurang atau tidak adanya asupat oksigen dalam tubuh pada saat ini dapat meningkatkan resiko terkena penyumbatan arteri dan vena.\n8. Menjalani pemeriksaan kesehatan secara berkala: Pemeriksaan medis lainnya seperti penggunaan obat konvensional dapat meningkatkan resiko terkena penyumbatan arteri dan vena.","Faktor risiko penyakit emboli termasuk di antaranya:\n\n1. Penyebab infeksi vena (infeksi pada ven sistem dalam tubuh) seperti endometriosis, arthritis reumatoid dan trombopati iskemi.\n2. Tidak lama waktu duduk atau tidur yang lama menyebabkan aliran darah menjadi lambat di bagian dada atas dari ven kiri (vena cava superior).\n3. Penyakit jantung, seperti stroke akibat terdapatnya penyumbatan pada ven balik kanan.\n4. Obesitas dan merokok yang memperlambat aliran darah serta meningkatkan tekanan darah tinggi.\n5. Penyakit kelenjar gigi, sebab berkas sinar dari gigi bisa terbang ke dalam sirkulasi jantung.",combination_8,mxbai-embed-large,deepseek-v2,True,0.49999999995
Bagaimana penanganan terhadap seseorang yang mengalami penyakit ventrikel takikardi?,"Segera cari pertolongan medis atau minta bantuan orang sekitar, serta lakukan CPR kepada orang tersebut jika Anda mampu.\n\nBila tersedia alat kejut jantung otomatis atau Automatic External Defibrillator (AED), gunakan alat tersebut untuk mengetahui irama jantung penderita. Setelah itu, ikuti petunjuk dari alat AED. Lakukan hal tersebut hingga bantuan medis datang.","['Topik: Ventrikel Takikardi, Subtopik: Pengobatan Ventrikel Takikardi \n Penanganan ventrikel tarkikadi tergantung pada kondisi dan tingkat keparahan pasien. Tindakan yang dapat dilakukan oleh dokter jantung untuk menangani ventrikel takikardi antara lain:\n- Pemberian obat antiaritmia\nObat antiaritmia, seperti verapamil atau amiodarone, diberikan agar gangguan serupa tidak terjadi lagi.\n- Ablasi jantung\nProsedur ini dilakukan jika terdapat jalur listrik yang menyebabkan detak jantung pasien\n- Pemasangan alat implantable cardioverter defibrillator (ICD)\nAlat ini dimasukkan ke dalam dada atau area perut pasien, untuk membantu mengembalikan irama jantung ke kondisi normal.\n', 'Topik: Ventrikel Takikardi, Subtopik: Diagnosis Ventrikel Takikardi \n Pada tahap awal penanganan, dokter akan menstabilkan kondisi pasien terlebih dulu. Setelah kondisi pasien stabil, dokter akan melakukan pemeriksaan untuk mencari tahu penyebab dari keluhan pasien. Pemeriksaan itu meliputi:\n- Elektrokardiografi (EKG)\nEKG jantung bertujuan untuk mengukur aktivitas listrik\n- EKG treadmill\nTindakan ini bertujuan untuk melihat rekaman listrik jantung selama pasien beraktivitas di atas alat treadmill.\n- Holter monitor\nProsedur ini dilakukan dengan memasang EKG portabel selama 24 jam untuk merekam aliran listrik jantung.\n- Echo jantung\nMetode ini menggunakan gelombang suara berfrekuensi tinggi, untuk melihat gambaran struktur dan katup jantung secara lebih detail.\n- MRI jantung\nPemindaian ini dilakukan untuk mendapatkan gambaran detail jantung, dengan menggunakan gelombang magnet.\n- Kateterisasi jantung\nKateterisasi jantung berfungsi untuk mengetahui aliran darah ke otot jantung.\n', 'Topik: Ventrikel Takikardi, Subtopik: Gejala Ventrikel Takikardi: Kapan harus ke dokter \n Ventrikel takikardi harus segera ditangani. Oleh sebab itu, jika Anda merasakan gejala-gejala di atas, hubungi dokter secepatnya.\nJika Anda melihat orang yang kehilangan kesadaran, tidak memililiki denyut nadi dan tidak bernapas, segera cari pertolongan medis atau minta bantuan orang sekitar, serta lakukan CPR kepada orang tersebut jika Anda mampu.\nBila tersedia alat kejut jantung otomatis atau Automatic External Defibrillator (AED), gunakan alat tersebut untuk mengetahui irama jantung penderita. Setelah itu, ikuti petunjuk dari alat AED. Lakukan hal tersebut hingga bantuan medis datang.\n']","Penanganan terhadap seseorang yang mengalami penyakit ventrikel takikardi harus selalu mempertimbangkan kondisi dan tingkat keparahan pasien. Berikut adalah langkah-langkah umum dalam penanganan ventrikel takikardi:\n\n1. **Stabilisasi Kondisi Pasien**: Pada tahap awal, dokter akan menstabilkan kondisi pasien terlebih dulu, termasuk menghentikan gerakan berat dan memberikan obat-obatan untuk mencegah serangan jantung atau infark jantung.\n\n2. **Diagnosis**: Setelah kondisi stabil, dokter akan melakukan pemeriksaan diagnostik untuk mengetahui penyebab ventrikel takikardi. Pemeriksaan yang umum dilakukan termasuk:\n   - Elektrokardiografi (EKG) untuk mengukur aktivitas listrik jantung.\n   - EKG treadmill, sebelum pasien melakukan gerakan fisik.\n   - Holter monitor atau ekstraksi data dari portÃ¡bel EKG untuk merekam aliran listrik jantung dalam waktu yang lebih lama.\n   - Echo jantung, MRI jantung, dan kateterisasi jantung sesuai kebutuhan atau penyebab takikardi yang diidentifikasi.\n\n3. **Pengobatan**: Berdasarkan hasil diagnostik, dokter akan menentukan jenis pengobatan yang paling tepat untuk pasien, termasuk:\n   - Obat antiaritmia seperti verapamil atau amiodarone.\n   - Ablasi jantung apabila ada jalur listrik di dalam jantung yang menyebabkan gangguan detak jantung.\n   - Pemasangan alat implantable cardioverter defibrillator (ICD) untuk mengembalikan ritme jantung ke kondisi normal dan mencegah serangan takikardi berat.\n\n4. **Perawatan Umum**: Pasien perlu diinsistir pada pola makan sehat, menghindari obesitas, tidak merokok, dan mengonsumsi alkohol minimal atau tidak sama sekali.\n\n5. **Kesiapan Penyakit Jantung (Heart-Ready)**: Pasien perlu diarahkan untuk selalu siap menghadapi masalah jantung, termasuk mempelajari cara melakukan CPR dan menggunakan alat kejut jantung otomatis atau AED.\n\n6. **Konseling dan Pendampingan**: Pasien dan keluarganya perlu diberikan penyuluhan tentang penyakit jantung, langkah-langkah cepat untuk menangani serangan takikardi, serta dukungan emosional yang mendalam.\n\n7. **Pemantauan dan Evaluasi**: Setelah proses pengobatan dan perawatan awal selesai, pasien perlu diadakan ulang diagnostik dan evaluasi kondisi jantung untuk memastikan bahwa penyakit telah teratasi dengan baik.\n\nDalam semua hal, kecepatan reaksi dokter dan perawat dalam menangani pasien yang mengalami ventrikel takikardi sangatlah vital untuk mencegah konsekuensi fatal akibat serangan takikardi.","Baik, mari kita bahas cara pengobatan dan tanggapan medis terhadap pasien dengan infark jantung atau penyakit ventrikel takikardi. Penanganan yang umum untuk infark jantung termasuk tiga langkah dasar:\n\n1. **Penggunaan Nitroglycerin**: Ini adalah obat pertama yang sering diberikan kepada pasien dengan infark jantung atau penyakit ventrikel takikardi karena bisa mengecilkan pembuluh darah, membantu mengurangi angka nadi, dan mengurangi tekanan darah.\n\n2. **Pemberian Oksigen**: Jika pasien sedang mendapatkan oksigen kurang, penyediaan oksigen akan meningkatkan jumlah oksigen di dalam tubuh mereka untuk memastikan bahwa organ tidak kekurangan oksigen.\n\n3. **Penatalaksanaan Multidisiplin**: Pasien dengan infark jantung atau penyakit ventrikel takikardi seringkali mendapatkan dukungan dari dokter, perawat, ahli rehibilitasi, dan ekonom di rumah sakit. Mereka juga mungkin akan dilakukan pemeriksaan EKG (Elektro Graf) untuk menggambarkan ritme jantung mereka selama masa pertama setelah infark.\n\nSelain itu, penanganan lanjutan seringkali melibatkan program konseling, pengobatan medis kronik, dan perubahan gaya hidup untuk mengurangi risiko terhadap penyakit jantung lebih lanjut.\n\nJadi, tanggapan pasien dengan infark jantung atau penyakit ventrikel takikardi umumnya termasuk pemberian Nitroglycerin dan oksigen, serta dukungan medis multidisiplin.",combination_8,mxbai-embed-large,deepseek-v2,True,0.5833333333041666
