question,ground_truth,retrieved_contexts,answer,hypothesis,config,embedding_model,llm_model,hyde,context_recall
Apa saja obat yang direkomendasikan untuk penderita penyakit gagal jantung?,"Beberapa jenis obat yang dapat diresepkan adalah:\n\nDiuretik, seperti spironolactone, furosemide, indapamide, dan acetazolamide untuk mencegah pengumpulan cairan di dalam tubuh\nPenghambat beta, seperti carvedilol dan bisoprolol, untuk memperlambat jantung dan menurunkan tekanan darah\nACE inhibitor, seperti lisinopril, ramipril, dan perindopril, untuk mengurangi ketegangan pada pembuluh darah, menurunkan tekanan darah, dan melancarkan aliran darah\nAngiotensin II receptor blockers (ARB), seperti candesartan, valsartan, dan telmisartan, untuk mengurangi ketegangan pada pembuluh darah pada pasien yang tidak cocok dengan ACE inhibitor\nDigoxin, untuk meningkatkan kekuatan otot jantung\nIvabradine, untuk memperlambat laju denyut jantung\nTolvaptan, untuk mengembalikan kadar natrium darah yang dapat menurun pada pasien gagal jantung\nEmpagliflozin, untuk menurunkan tekanan darah dan beban kerja jantung pada pasien yang juga memiliki diabetes tipe 2.","['Topik: Gagal Jantung, Subtopik: Pengobatan Gagal Jantung \n Gagal jantung merupakan kondisi yang terjadi dalam jangka panjang. Oleh sebab itu, pengobatan yang dilakukan bertujuan untuk:\n- Meringankan gejala gagal jantung\n- Meningkatkan kekuatan jantung\n- Mencegah terjadinya komplikasi\nMetode pengobatan gagal jantung akan disesuaikan dengan usia pasien, penyebab dan tingkat keparahannya, serta penyakit lain yang menyertai. Metode pengobatan gagal jantung dapat berupa:\n', 'Topik: Gagal Jantung, Subtopik: Gejala Gagal Jantung \n Gejala gagal jantung dapat bervariasi pada setiap penderitanya. Gejalanya juga bisa muncul secara tiba-tiba atau berkembang secara perlahan selama beberapa minggu atau beberapa bulan.\nGejala utama yang timbul akibat gagal jantung antara lain:\n- Sesak napas\n- Mudah lelah\n- Pembengkakan di kaki dan pergelangan kaki\nSelain beberapa gejala utama di atas, ada beberapa keluhan lain yang dapat muncul, yaitu:\n- Batuk terus-menerus yang memburuk di malam hari\n- Berat badan naik atau turun secara drastis\n- Rasa cemas dan gelisah\n- Hilang nafsu makan\n- Perut kembung\n- Mual\n- Linglung atau penurunan kesadaran\nPada gagal jantung ringan, gejala mungkin tidak muncul meski penderita sedang beraktivitas. Akan tetapi, pada gagal jantung yang parah, gejala bisa muncul saat penderita beraktivitas atau ketika sedang beristirahat.\n', 'Topik: Gagal Jantung, Subtopik: Penyebab Gagal Jantung \n Gagal jantung disebabkan oleh kondisi atau penyakit yang menyebabkan jantung menjadi lemah, kaku, dan bekerja secara berlebihan dalam jangka panjang. Gagal jantung juga dapat disebabkan oleh kerusakan atau kelainan pada jantung, seperti pada otot atau katup jantung.\nBerikut ini adalah sejumlah kondisi atau penyakit yang menyebabkan gagal jantung:\n']","Gagal jantung merupakan kondisi yang kompleks dan memerlukan pengobatan yang tepat. Beberapa obat yang direkomendasikan untuk penderita penyakit gagal jantung antara lain:\n\n1.  **Diuretik**: Obat ini dapat membantu mengurangi kelebihan cairan dalam tubuh, sehingga tekanan darah dapat dikendalikan.\n2.  **Beta Bloker**: Beta blocker dapat membantu mengurangi frekuensi denyut jantung dan meningkatkan efisiensi kerja otot jantung.\n3.  **Inhibitor Angiotensin Receptor (ARB)**: ARB dapat membantu menurunkan tekanan darah dengan cara melembutkan pembuluh darah.\n4.  **Statin**: Statin dapat membantu mengurangi kadar kolesterol dalam darah, sehingga kerja jantung menjadi lebih efektif.\n5.  **Obat antihipertensi**: Obat ini dapat membantu menurunkan tekanan darah dengan cara melembutkan pembuluh darah atau meningkatkan efek diuretik.\n6.  **Digoksin**: Digoksin dapat membantu mengatur irama jantung dan meningkatkan efisiensi kerja otot jantung.\n\nNamun, perlu diingat bahwa pengobatan gagal jantung harus disesuaikan dengan usia pasien, penyebab dan tingkat keparahannya, serta penyakit lain yang menyertai. Oleh karena itu, sebelum menggunakan obat-obatan tersebut, Anda harus berkonsultasi dengan dokter untuk menentukan pengobatan terbaik bagi penderita gagal jantung.",None,combination_1,nomic-embed-text,llama3.1,False,0.0
Makanan apa yang tepat untuk mencegah penyakit jantung koroner?,"Makanan tinggi serat, seperti sayur dan buah. Selain itu, tingkatkan kadar kolesterol baik atau HDL dengan memperbanyak konsumsi makanan tinggi lemak tak jenuh. Jenis makanan ini antara lain minyak ikan, minyak zaitun, minyak biji bunga matahari, minyak sayur, serta alpukat dan kacang-kacangan.","['Topik: Penyakit Jantung Koroner, Subtopik: Pencegahan Penyakit Jantung Koroner: Berolahraga rutin \n Pola makan sehat yang dikombinasikan dengan olahraga rutin dapat menjaga berat badan ideal. Di samping itu, olahraga rutin dapat menurunkan kadar kolesterol dan menjaga tekanan darah tetap normal.\nLuangkan waktu untuk berolahraga setidaknya 150 menit dalam seminggu, misalnya dengan jogging, senam, atau renang. Namun, bagi orang yang berisiko terserang penyakit jantung koroner, diskusikan terlebih dahulu dengan dokter mengenai jenis dan durasi olahraga yang tepat.\n', 'Topik: Penyakit Jantung Koroner, Subtopik: Pencegahan Penyakit Jantung Koroner \n Cara untuk mencegah penyakit jantung koroner adalah dengan menjalani pola hidup sehat, seperti:\n', 'Topik: Penyakit Jantung Koroner, Subtopik: Penyebab Penyakit Jantung Koroner: Rokok \n Rokok adalah faktor risiko utama penyakit jantung koroner. Kandungan nikotin dan karbon monoksida yang terdapat di dalam rokok bisa meningkatkan risiko terjadinya penggumpalan darah.\nDi samping itu, bahan kimia lain yang berasal dari pembakaran rokok juga dapat merusak dinding pembuluh darah jantung dan menyempitkan arteri koroner.\n']","Pola makan sehat adalah salah satu cara untuk mencegah penyakit jantung koroner. Makanan yang tepat untuk mencegah penyakit jantung koroner adalah makanan yang mengandung serat tinggi, seperti sayuran dan buah-buahan. Selain itu, konsumsi lemak sehat seperti lemak zaitun juga dapat membantu menjaga kesehatan jantung.\n\nPola makan yang seimbang dapat membantu menurunkan kadar kolesterol darah dan mengurangi tekanan darah tinggi. Makanan yang tidak seimbang, seperti makanan yang banyak mengandung lemak jenuh dan gula, dapat meningkatkan risiko terjadinya penyakit jantung koroner.\n\nMakanan lain yang tepat untuk mencegah penyakit jantung koroner adalah ikan. Ikan kaya akan omega-3 yang dapat membantu menurunkan kadar kolesterol darah dan mengurangi inflamasi pada dinding pembuluh darah.\n\nKegiatan berolahraga rutin juga sangat penting untuk mencegah penyakit jantung koroner. Pola makan sehat yang dikombinasikan dengan olahraga rutin dapat menjaga berat badan ideal, menurunkan kadar kolesterol, dan menjaga tekanan darah tetap normal.\n\nNamun, perlu diingat bahwa setiap orang memiliki kebutuhan nutrisi yang berbeda-beda. Oleh karena itu, penting untuk berkonsultasi dengan dokter sebelum membuat perubahan pada pola makan atau kegiatan olahraga.",None,combination_1,nomic-embed-text,llama3.1,False,0.0
Apa obat yang dapat diberikan pada penderita hipertensi pulmonal?,"Jenis obat yang bisa diberikan antara lain:\n\nSildenafil atau tadalafil\nSildenafil dan tadalafil berfungsi membuka pembuluh darah paru-paru agar darah dapat mengalir dengan lebih mudah.\n\nAntagonis kalsium\nObat ini berfungsi melemaskan otot pembuluh darah, tetapi hanya ampuh pada sebagian penderita hipertensi pulmonal. Beberapa obat yang termasuk ke dalam golongan ini adalah nifedipine, diltiazem, dan amlodipine.\n\nAntikoagulan\nAntikoagulan, seperti warfarin, merupakan obat pengencer darah yang berfungsi menghambat terbentuknya gumpalan darah di arteri paru-paru. Meski obat ini sering digunakan, penggunaannya perlu dievaluasi secara rutin karena dapat meningkatkan risiko terjadinya perdarahan.\n\nDiuretik\nDiuretik adalah obat yang berfungsi mengurangi cairan di dalam tubuh sehingga kerja jantung menjadi lebih ringan. Obat ini juga dapat mengurangi penumpukan cairan di paru-paru, tungkai, dan perut pada pasien yang sudah mengalami komplikasi gagal jantung.\n\nDigoxin\nDigoxin adalah obat yang berfungsi membantu jantung berdenyut lebih kuat agar dapat memompa lebih banyak darah. Obat ini juga dapat mengendalikan denyut jantung menjadi lebih teratur.\n\nVasodilator\nVasodilator digunakan untuk melemaskan dan membuka pembuluh darah yang menyempit di paru-paru. Dengan begitu, darah dapat mengalir lebih baik. Contoh obat dari golongan ini antara lain epoprostenol, beraprost, dan iloprost.","['Topik: Hipertensi Pulmonal, Subtopik: Pengobatan Hipertensi Pulmonal \n Hipertensi pulmonal merupakan penyakit yang belum dapat disembuhkan. Pengobatan hanya bertujuan untuk meredakan gejala dan menghambat perkembangan penyakit. Jika didiagnosis dan ditangani sejak dini, kerusakan arteri pulmonal secara permanen dapat dicegah.\nPengobatan hipertensi pulmonal dapat dilakukan dengan menangani kondisi itu sendiri, atau mengatasi penyebab yang mendasarinya. Beberapa metode pengobatan yang dapat dilakukan meliputi:\n', 'Topik: Hipertensi Pulmonal, Subtopik: Pengobatan Hipertensi Pulmonal: Terapi oksigen \n Dokter dapat memberikan suplemen oksigen pada pasien hipertensi pulmonal yang hidup di dataran tinggi atau mengalami sleep apnea.\n', 'Topik: Hipertensi Pulmonal, Subtopik: Penyebab Hipertensi Pulmonal: Faktor Risiko Hipertensi Pulmonal \n Risiko terkena hipertensi pulmonal lebih dapat meningkat pada orang dengan kondisi berikut:\n- Berjenis kelamin wanita\n- Berusia 30 tahun ke atas\n- Menderita berat badan berlebih\n- Memiliki keluarga dengan riwayat hipertensi pulmonal\n- Menderita kelainan lahir, seperti penyakit jantung bawaan atau sindrom Down\n\n- Memiliki kondisi medis lain, seperti penyakit hati, penyakit penggumpalan darah, penyakit ginjal kronis, atau penyakit tiroid\n- Mengonsumsi obat-obatan penurun berat badan\n- Mengonsumsi obat selective serotonin reuptake inhibitors (SSRIs) untuk mengatasi depresi dan gangguan kecemasan\n- Memiliki kebiasaan merokok\n- Menyalahgunakan NAPZA, seperti kokain\n- Terpapar asbes\n']","Dari konteks yang diberikan, tidak ada informasi khusus tentang obat-obatan yang dapat diberikan pada penderita hipertensi pulmonal. Namun, metode pengobatan umumnya meliputi penyembuhan terapi lokal atau menghilangkan faktor risiko yang mendasari penyakit ini. Beberapa obat-obatan dan teknik pengobatan lainnya yang mungkin diterapkan untuk mengatasi hipertensi pulmonal termasuk:\n\n1. Suplemen oksigen, seperti yang dijelaskan dalam subtopik terapi oksigen, dimana obat ini bisa membantu pasien yang hidup di dataran tinggi atau mengalami sleep apnea.\n2. Terapia lokal dan/atau operasi, jika perlu untuk mencegah kerusakan arteri pulmonal secara permanen.\n3. Penghentian faktor risiko, seperti pengurangan berat badan, menghindari merokok, mengontrol tekanan darah dan menjauhi obat-obatan penurun berat badan atau SSRIs yang mempunyai potensi untuk meningkatkan resiko hipertensi pulmonal.\n4. Pemberian terapi kardiologis sesuai dengan kebutuhan pasien lainnya, seperti penghentian asupan minuman beralkohol dan mengontrol tekanan darah untuk mencegah penyumbatan arteri yang bisa merusak paru-paru.\n5. Penggunaan obat-obatan lainnya, seperti antiplatelet atau antikoagulan, jika pasien memiliki riwayat penyakit penggumpalan darah atau kelainan hati yang signifikan.\n\nNamun, perlu dicatat bahwa obat-obatan ini harus diberikan dan direncanakan secara ketat di bawah perawatan dokter gigi serta mempertimbangkan faktor risiko pasien hipertensi pulmonal yang spesifik.",None,combination_2,nomic-embed-text,deepseek-v2,False,0.0
Apa yang membedakan henti jantung mendadak dengan serangan jantung?,"Henti jantung mendadak berbeda dengan serangan jantung. Serangan jantung terjadi karena penyumbatan pembuluh darah. Sementara henti jantung mendadak disebabkan oleh ventrikel fibrilasi. Namun, ventrikel fibrilasi juga dapat disebabkan oleh serangan jantung.\n\nVentrikel fibrilasi merupakan salah satu jenis gangguan irama jantung (aritmia). Kondisi ini ditandai dengan ventrikel (bilik) jantung yang hanya bergetar, bukan berdenyut untuk memompa darah. Akibatnya, pasokan darah yang membawa oksigen dan nutrisi ke organ-organ tubuh akan terhenti.","['Topik: Henti Jantung Mendadak, Subtopik: Pengertian Henti Jantung Mendadak \n Henti jantung mendadak atau sudden cardiac arrest adalah kondisi ketika jantung berhenti berdetak secara tiba-tiba. Kondisi ini menyebabkan penderitanya hilang kesadaran dan bahkan berhenti bernapas. \nHenti jantung mendadak terjadi akibat gangguan pada listrik jantung sehingga jantung berhenti memompa darah ke seluruh tubuh. Kondisi ini dapat menyebabkan kerusakan otak permanen sampai kematian. Penderita perlu diberikan pertolongan pertama berupa CPR dan kejut jantung, agar tidak terserang komplikasi.\n\n', 'Topik: Henti Jantung Mendadak, Subtopik: Pengertian Henti Jantung Mendadak \n Henti jantung mendadak terjadi akibat gangguan pada listrik jantung sehingga jantung berhenti memompa darah ke seluruh tubuh. Kondisi ini dapat menyebabkan kerusakan otak permanen sampai kematian. Penderita perlu diberikan pertolongan pertama berupa CPR dan kejut jantung, agar tidak terserang komplikasi.\n\n', 'Topik: Henti Jantung Mendadak, Subtopik: Diagnosis Henti Jantung Mendadak \n Pada saat tiba di rumah sakit, dokter akan memeriksa denyut jantung pasien. Dokter juga akan memasang monitor untuk memeriksa irama jantung. Selanjutnya, dokter akan melakukan penanganan sampai kondisi pasien stabil atau jantungnya kembali berdetak.\nJika kondisi pasien sudah stabil, dokter akan melakukan pemeriksaan lanjutan untuk mendiagnosis penyebab atau faktor pemicu terjadinya henti jantung mendadak. Pemeriksaan tersebut dapat meliputi:\n- Tes darah\nTes darah dilakukan untuk memeriksa kadar kalium, magnesium, atau hormon tertentu yang memengaruhi fungsi jantung. Tes darah juga dapat dilakukan untuk mendeteksi cedera atau riwayat serangan jantung pada penderita henti jantung mendadak.\n- Foto Rontgen dada\nFoto Rontgen dada dilakukan untuk memeriksa ukuran dan struktur jantung serta pembuluh darah jantung. Melalui pemeriksaan ini, dokter juga dapat mendeteksi apakah pasien mengalami gagal jantung.\n- Ekokardiografi\nEkokardiografi atau USG jantung bertujuan untuk mengidentifikasi kerusakan pada jantung.\n- Kateterisasi jantung\nDalam kateterisasi jantung, dokter akan menyuntikkan zat pewarna khusus pada pembuluh darah yang menuju jantung. Pemeriksaan ini bertujuan untuk mendeteksi sumbatan pada pembuluh darah. Kateterisasi jantung juga dapat dilakukan untuk studi elektrofisiologi jantung. Prosedur ini dapat mendeteksi gangguan irama jantung yang mungkin menyebabkan henti jantung mendadak.\n']","Henti jantung mendadak (sudden cardiac arrest) dan serangan jantung (myocardial infarction) adalah dua kondisi medis berbeda yang memiliki beberapa penyebab utama dan gejala yang berbeda pula.\n\n1. Penyebab:\n- Henti Jantung Mendadak: Penyebabnya umumnya berkaitan dengan gangguan dalam sistem elektrikal jantung, seperti aritmia atau disentriasi yang mengganggu fungsi jantung untuk memompa darah.\n- Serangan Jantung: Penurunan aliran darah ke jantung akibat pembekuan atau terhamburan jaringan dalam arteri coronaire, biasanya disebabkan oleh penyakit aterosklerosis dan ledakan aritmia.\n\n2. Gejala:\n- Henti Jantung Mendadak: Penderita seringkali hilang kesadaran secara mendadak, berhenti bernapas, dan jantungnya tidak lagi berdetak. Gejala ini terjadi akibat penghentian fungsi jantung secara tiba-tiba.\n- Serangan Jantung: Penderita seringkali mengalami berkedut, nyawanya mengecil, dan rasa lelah atau sesak yang membawa kepala. Gejala ini terjadi akibat penghentian aliran darah tetapi biasanya jantung tetap berdetak.\n\n3. Perawatan:\n- Henti Jantung Mendadak: Kecuali CPR dan kejut jantung, pasien mungkin diberikan obat untuk mengontrol aritmia atau disentriasi yang menyebabkan hentinya jantung. Selain itu, perawatan umumnya fokus pada memulihkannya fungsi jantung dan menghindari komplikasi seperti kerusakan otak permanen atau kematian.\n- Serangan Jantung: Perawatan melibatkan obat untuk mengurangi tekanan darah, mempercepat pembekuan darah, dan memberikan infus darah apabila perlu untuk menopong volume darah yang hilang akibat gagal jantung. Pasien juga mungkin diberikan obat lain untuk mengurangi bahaya serangan berikutnya atau terkait.\n\nDari uraian di atas, kita dapat melihat bahwa henti jantung mendadak dan serangan jantung memiliki penyebab utama yang berbeda, sehingga gejala dan perawatan juga tidak sama. Namun, keduanya merupakan krisis medis serius yang harus segera diatasi untuk menghindari komplikasi atau bahkan kematian pasien.",None,combination_2,nomic-embed-text,deepseek-v2,False,0.0
Apa hal-hal yang dapat menyebabkan penyakit hipertensi?,"Hipertensi sekunder bisa disebabkan oleh sejumlah kondisi, yaitu:\n\nPenyakit ginjal\nPenyakit kelenjar tiroid\nTumor kelenjar adrenal\nKelainan bawaan pada pembuluh darah\nKecanduan alkohol\nPenyalahgunaan NAPZA\nGangguan pernapasan yang terjadi saat tidur (sleep apnea)\nKonsumsi obat-obatan tertentu, seperti obat antiinflamasi nonsteroid (NSAID), obat batuk pilek, atau pil KB","['Topik: Hipertensi, Subtopik: Penyebab Hipertensi: Faktor Risiko Hipertensi \n Ada beberapa faktor yang bisa meningkatkan risiko seseorang terserang hipertensi, yaitu:\n- Berusia di atas 65 tahun\n- Sedang hamil\n- Jarang berolahraga dan jarang melakukan aktivitas fisik\n- Kurang mengonsumsi makanan yang mengandung kalium\n- Memiliki keluarga dengan riwayat tekanan darah tinggi\n- Menderita obesitas, sleep apnea, diabetes, atau penyakit ginjal\n- Mengonsumsi terlalu banyak makanan tinggi garam\n- Mengonsumsi terlalu banyak kafein\n- Memiliki kebiasaan merokok dan mengonsumsi minuman beralkohol\n', 'Topik: Hipertensi, Subtopik: Pengertian Hipertensi \n Hipertensi atau darah tinggi adalah kondisi ketika tekanan darah berada pada angka 130/80 mmHg atau lebih. Jika tidak segera ditangani, hipertensi bisa menyebabkan komplikasi serius, seperti gagal jantung, penyakit ginjal, hingga stroke.\nTekanan darah dinyatakan dalam dua nilai angka yang dipisahkan dengan garis miring atau yang biasanya disebut  per  . Angka di awal, yaitu di sebelah kiri garis miring menandakan tekanan sistolik. Ini adalah tekanan di dalam pembuluh darah ketika jantung berkontraksi untuk memompa darah keluar dari jantung.\n\nAngka di akhir yang berada setelah garis miring menandakan tekanan diastolik, yaitu tekanan darah saat jantung berelaksasi dan menyedot atau menerima darah masuk kembali ke dalam jantung.\nPada kondisi normal, tekanan darah orang dewasa adalah 120/80 mmHg. Artinya, tekanan sistoliknya adalah 120 mmHg dan diastoliknya 80 mmHG.\nTekanan darah tinggi yang terjadi terus-menerus dapat membuat jantung bekerja lebih keras untuk memompa darah ke seluruh tubuh. Kondisi ini lama-kelamaan bisa membuat jantung membesar, merusak pembuluh darah, dan membuat ginjal tidak bisa bekerja dengan baik.\nOleh karena itu, hipertensi perlu segera ditangani. Setelah tekanan darah kembali normal pun, perlu terus dilakukan pemantauan dan bahkan penggunaan obat rutin agar tekanan darah selalu terkontrol.\n', 'Topik: Hipertensi, Subtopik: Komplikasi Hipertensi \n Tekanan darah tinggi bisa merusak pembuluh darah dan organ-organ lain di dalam tubuh. Jika tidak segera diobati, tekanan darah tinggi bisa menimbulkan penyakit serius, seperti:\n- Gangguan penglihatan hingga kebutaan akibat retinopati hipertensi\n\n- Sindrom metabolik\n- Penyakit ginjal\n- Penyakit arteri perifer\n- Penyakit jantung (hypertensive heart disease)\n- Serangan jantung\n- Gagal jantung atau jantung lemah\n\n- Demensia vaskular\n- Aneurisma otak\n- Stroke\nHipertensi yang tidak terkontrol dengan baik berisiko menjadi krisis hipertensi. Kondisi ini berbahaya dan memerlukan penanganan segera di IGD.\n']","Penyakit hipertensi atau darah tinggi disebabkan oleh beberapa faktor. Faktor-faktor tersebut antara lain:\n\n- Berusia di atas 65 tahun\n- Sedang hamil\n- Jarang berolahraga dan jarang melakukan aktivitas fisik\n- Kurang mengonsumsi makanan yang mengandung kalium\n- Memiliki keluarga dengan riwayat tekanan darah tinggi\n- Menderita obesitas, sleep apnea, diabetes, atau penyakit ginjal\n- Mengonsumsi terlalu banyak makanan tinggi garam\n- Mengonsumsi terlalu banyak kafein\n- Memiliki kebiasaan merokok dan mengonsumsi minuman beralkohol\n\nHal-hal tersebut dapat meningkatkan risiko seseorang terserang hipertensi.",None,combination_3,mxbai-embed-large,llama3.1,False,0.0
Apa yang membedakan henti jantung mendadak dengan serangan jantung?,"Henti jantung mendadak berbeda dengan serangan jantung. Serangan jantung terjadi karena penyumbatan pembuluh darah. Sementara henti jantung mendadak disebabkan oleh ventrikel fibrilasi. Namun, ventrikel fibrilasi juga dapat disebabkan oleh serangan jantung.\n\nVentrikel fibrilasi merupakan salah satu jenis gangguan irama jantung (aritmia). Kondisi ini ditandai dengan ventrikel (bilik) jantung yang hanya bergetar, bukan berdenyut untuk memompa darah. Akibatnya, pasokan darah yang membawa oksigen dan nutrisi ke organ-organ tubuh akan terhenti.","['Topik: Henti Jantung Mendadak, Subtopik: Pengertian Henti Jantung Mendadak \n Henti jantung mendadak atau sudden cardiac arrest adalah kondisi ketika jantung berhenti berdetak secara tiba-tiba. Kondisi ini menyebabkan penderitanya hilang kesadaran dan bahkan berhenti bernapas. \nHenti jantung mendadak terjadi akibat gangguan pada listrik jantung sehingga jantung berhenti memompa darah ke seluruh tubuh. Kondisi ini dapat menyebabkan kerusakan otak permanen sampai kematian. Penderita perlu diberikan pertolongan pertama berupa CPR dan kejut jantung, agar tidak terserang komplikasi.\n\n', 'Topik: Henti Jantung Mendadak, Subtopik: Pengertian Henti Jantung Mendadak \n Henti jantung mendadak terjadi akibat gangguan pada listrik jantung sehingga jantung berhenti memompa darah ke seluruh tubuh. Kondisi ini dapat menyebabkan kerusakan otak permanen sampai kematian. Penderita perlu diberikan pertolongan pertama berupa CPR dan kejut jantung, agar tidak terserang komplikasi.\n\n', 'Topik: Henti Jantung Mendadak, Subtopik: Diagnosis Henti Jantung Mendadak \n Pada saat tiba di rumah sakit, dokter akan memeriksa denyut jantung pasien. Dokter juga akan memasang monitor untuk memeriksa irama jantung. Selanjutnya, dokter akan melakukan penanganan sampai kondisi pasien stabil atau jantungnya kembali berdetak.\nJika kondisi pasien sudah stabil, dokter akan melakukan pemeriksaan lanjutan untuk mendiagnosis penyebab atau faktor pemicu terjadinya henti jantung mendadak. Pemeriksaan tersebut dapat meliputi:\n- Tes darah\nTes darah dilakukan untuk memeriksa kadar kalium, magnesium, atau hormon tertentu yang memengaruhi fungsi jantung. Tes darah juga dapat dilakukan untuk mendeteksi cedera atau riwayat serangan jantung pada penderita henti jantung mendadak.\n- Foto Rontgen dada\nFoto Rontgen dada dilakukan untuk memeriksa ukuran dan struktur jantung serta pembuluh darah jantung. Melalui pemeriksaan ini, dokter juga dapat mendeteksi apakah pasien mengalami gagal jantung.\n- Ekokardiografi\nEkokardiografi atau USG jantung bertujuan untuk mengidentifikasi kerusakan pada jantung.\n- Kateterisasi jantung\nDalam kateterisasi jantung, dokter akan menyuntikkan zat pewarna khusus pada pembuluh darah yang menuju jantung. Pemeriksaan ini bertujuan untuk mendeteksi sumbatan pada pembuluh darah. Kateterisasi jantung juga dapat dilakukan untuk studi elektrofisiologi jantung. Prosedur ini dapat mendeteksi gangguan irama jantung yang mungkin menyebabkan henti jantung mendadak.\n']","Henti jantung mendadak dan serangan jantung merupakan kondisi kesehatan berbeda, meskipun keduanya terkait dengan sistem peredaran darah dan jantung. Berikut adalah beberapa poin penting untuk membedakan antara henti jantung mendadak dan serangan jantung:\n\n1.  **Kondisi Jantung:** Henti jantung mendadak terjadi ketika jantung berhenti berdetak secara tiba-tiba, sedangkan serangan jantung (infark miokard) adalah kondisi di mana bagian dari otot jantung mati karena kekuratan aliran darah menuju jantung.\n2.  **Gejala:** Pada henti jantung mendadak, pasien biasanya mengalami kehilangan kesadaran dan bahkan tidak bernapas lagi. Serangan jantung mungkin menyebabkan gejala seperti nyeri dada yang berat, lelah, pusing, atau rasa tidak enak badan.\n3.  **Penyebab:** Henti jantung mendadak dapat disebabkan oleh gangguan listrik jantung, sedangkan serangan jantung terjadi karena sumbatan atau kebocoran pembuluh darah yang menuju otot jantung.\n4.  **Komplikasi:** Kedua kondisi ini berpotensi menyebabkan kerusakan otak permanen sampai kematian, tetapi henti jantung mendadak memerlukan respons darurat lebih cepat dan tepat untuk mencegah komplikasi.\n5.  **Pertolongan:** Respon pertama pada henti jantung mendadak melibatkan CPR (pemberian napas buatan) dan kejut jantung, sedangkan serangan jantung memerlukan penanganan medis lebih lanjut untuk mengembalikan aliran darah ke otot jantung yang terkena.\n6.  **Dokter:** Henti jantung mendadak mungkin memerlukan penanganan intensif dan cepat, sedangkan serangan jantung biasanya membutuhkan perawatan medis lebih lanjut untuk mengembalikan kesehatan pasien.\n\nPerlu diingat bahwa henti jantung mendadak dan serangan jantung merupakan kondisi yang berbeda, meskipun keduanya dapat menyebabkan kerusakan otak permanen atau kematian.",None,combination_3,mxbai-embed-large,llama3.1,False,0.0
Apa hal-hal yang dapat menyebabkan penyakit hipertensi?,"Hipertensi sekunder bisa disebabkan oleh sejumlah kondisi, yaitu:\n\nPenyakit ginjal\nPenyakit kelenjar tiroid\nTumor kelenjar adrenal\nKelainan bawaan pada pembuluh darah\nKecanduan alkohol\nPenyalahgunaan NAPZA\nGangguan pernapasan yang terjadi saat tidur (sleep apnea)\nKonsumsi obat-obatan tertentu, seperti obat antiinflamasi nonsteroid (NSAID), obat batuk pilek, atau pil KB","['Topik: Hipertensi, Subtopik: Penyebab Hipertensi: Faktor Risiko Hipertensi \n Ada beberapa faktor yang bisa meningkatkan risiko seseorang terserang hipertensi, yaitu:\n- Berusia di atas 65 tahun\n- Sedang hamil\n- Jarang berolahraga dan jarang melakukan aktivitas fisik\n- Kurang mengonsumsi makanan yang mengandung kalium\n- Memiliki keluarga dengan riwayat tekanan darah tinggi\n- Menderita obesitas, sleep apnea, diabetes, atau penyakit ginjal\n- Mengonsumsi terlalu banyak makanan tinggi garam\n- Mengonsumsi terlalu banyak kafein\n- Memiliki kebiasaan merokok dan mengonsumsi minuman beralkohol\n', 'Topik: Hipertensi, Subtopik: Pengertian Hipertensi \n Hipertensi atau darah tinggi adalah kondisi ketika tekanan darah berada pada angka 130/80 mmHg atau lebih. Jika tidak segera ditangani, hipertensi bisa menyebabkan komplikasi serius, seperti gagal jantung, penyakit ginjal, hingga stroke.\nTekanan darah dinyatakan dalam dua nilai angka yang dipisahkan dengan garis miring atau yang biasanya disebut  per  . Angka di awal, yaitu di sebelah kiri garis miring menandakan tekanan sistolik. Ini adalah tekanan di dalam pembuluh darah ketika jantung berkontraksi untuk memompa darah keluar dari jantung.\n\nAngka di akhir yang berada setelah garis miring menandakan tekanan diastolik, yaitu tekanan darah saat jantung berelaksasi dan menyedot atau menerima darah masuk kembali ke dalam jantung.\nPada kondisi normal, tekanan darah orang dewasa adalah 120/80 mmHg. Artinya, tekanan sistoliknya adalah 120 mmHg dan diastoliknya 80 mmHG.\nTekanan darah tinggi yang terjadi terus-menerus dapat membuat jantung bekerja lebih keras untuk memompa darah ke seluruh tubuh. Kondisi ini lama-kelamaan bisa membuat jantung membesar, merusak pembuluh darah, dan membuat ginjal tidak bisa bekerja dengan baik.\nOleh karena itu, hipertensi perlu segera ditangani. Setelah tekanan darah kembali normal pun, perlu terus dilakukan pemantauan dan bahkan penggunaan obat rutin agar tekanan darah selalu terkontrol.\n', 'Topik: Hipertensi, Subtopik: Komplikasi Hipertensi \n Tekanan darah tinggi bisa merusak pembuluh darah dan organ-organ lain di dalam tubuh. Jika tidak segera diobati, tekanan darah tinggi bisa menimbulkan penyakit serius, seperti:\n- Gangguan penglihatan hingga kebutaan akibat retinopati hipertensi\n\n- Sindrom metabolik\n- Penyakit ginjal\n- Penyakit arteri perifer\n- Penyakit jantung (hypertensive heart disease)\n- Serangan jantung\n- Gagal jantung atau jantung lemah\n\n- Demensia vaskular\n- Aneurisma otak\n- Stroke\nHipertensi yang tidak terkontrol dengan baik berisiko menjadi krisis hipertensi. Kondisi ini berbahaya dan memerlukan penanganan segera di IGD.\n']","Hal-hal yang dapat menyebabkan penyakit hipertensi meliputi faktor risiko seperti usia di atas 65 tahun, berusia siaga hamil, jarang berolahraga dan melakukan aktivitas fisik, kurang mengonsumsi makanan yang mengandung kalium, memiliki keluarga dengan riwayat tekanan darah tinggi, menderita obesitas, sleep apnea, diabetes, atau penyakit ginjal, mengonsumsi terlalu banyak makanan tinggi garam, mengonsumsi terlalu banyak kafein, memiliki kebiasaan meroket dan mengonsumsi minuman beralkohol.",None,combination_4,mxbai-embed-large,deepseek-v2,False,0.0
Apa yang membedakan henti jantung mendadak dengan serangan jantung?,"Henti jantung mendadak berbeda dengan serangan jantung. Serangan jantung terjadi karena penyumbatan pembuluh darah. Sementara henti jantung mendadak disebabkan oleh ventrikel fibrilasi. Namun, ventrikel fibrilasi juga dapat disebabkan oleh serangan jantung.\n\nVentrikel fibrilasi merupakan salah satu jenis gangguan irama jantung (aritmia). Kondisi ini ditandai dengan ventrikel (bilik) jantung yang hanya bergetar, bukan berdenyut untuk memompa darah. Akibatnya, pasokan darah yang membawa oksigen dan nutrisi ke organ-organ tubuh akan terhenti.","['Topik: Henti Jantung Mendadak, Subtopik: Pengertian Henti Jantung Mendadak \n Henti jantung mendadak atau sudden cardiac arrest adalah kondisi ketika jantung berhenti berdetak secara tiba-tiba. Kondisi ini menyebabkan penderitanya hilang kesadaran dan bahkan berhenti bernapas. \nHenti jantung mendadak terjadi akibat gangguan pada listrik jantung sehingga jantung berhenti memompa darah ke seluruh tubuh. Kondisi ini dapat menyebabkan kerusakan otak permanen sampai kematian. Penderita perlu diberikan pertolongan pertama berupa CPR dan kejut jantung, agar tidak terserang komplikasi.\n\n', 'Topik: Henti Jantung Mendadak, Subtopik: Pengertian Henti Jantung Mendadak \n Henti jantung mendadak terjadi akibat gangguan pada listrik jantung sehingga jantung berhenti memompa darah ke seluruh tubuh. Kondisi ini dapat menyebabkan kerusakan otak permanen sampai kematian. Penderita perlu diberikan pertolongan pertama berupa CPR dan kejut jantung, agar tidak terserang komplikasi.\n\n', 'Topik: Henti Jantung Mendadak, Subtopik: Diagnosis Henti Jantung Mendadak \n Pada saat tiba di rumah sakit, dokter akan memeriksa denyut jantung pasien. Dokter juga akan memasang monitor untuk memeriksa irama jantung. Selanjutnya, dokter akan melakukan penanganan sampai kondisi pasien stabil atau jantungnya kembali berdetak.\nJika kondisi pasien sudah stabil, dokter akan melakukan pemeriksaan lanjutan untuk mendiagnosis penyebab atau faktor pemicu terjadinya henti jantung mendadak. Pemeriksaan tersebut dapat meliputi:\n- Tes darah\nTes darah dilakukan untuk memeriksa kadar kalium, magnesium, atau hormon tertentu yang memengaruhi fungsi jantung. Tes darah juga dapat dilakukan untuk mendeteksi cedera atau riwayat serangan jantung pada penderita henti jantung mendadak.\n- Foto Rontgen dada\nFoto Rontgen dada dilakukan untuk memeriksa ukuran dan struktur jantung serta pembuluh darah jantung. Melalui pemeriksaan ini, dokter juga dapat mendeteksi apakah pasien mengalami gagal jantung.\n- Ekokardiografi\nEkokardiografi atau USG jantung bertujuan untuk mengidentifikasi kerusakan pada jantung.\n- Kateterisasi jantung\nDalam kateterisasi jantung, dokter akan menyuntikkan zat pewarna khusus pada pembuluh darah yang menuju jantung. Pemeriksaan ini bertujuan untuk mendeteksi sumbatan pada pembuluh darah. Kateterisasi jantung juga dapat dilakukan untuk studi elektrofisiologi jantung. Prosedur ini dapat mendeteksi gangguan irama jantung yang mungkin menyebabkan henti jantung mendadak.\n']","Henti jantung mendadak (sudden cardiac arrest) dan serangan jantung (heart attack) adalah dua kondisi medis berbeda yang memiliki asosiasi erat dengan fungsi jantung. Berikut ini penjelasan mengenai perbedaan antara henti jantung mendadak dan serangan jantung:\n\n1. Penyebab dan Mekanisme Kerusakan:\n- Henti Jantung Mendadak (Sudden Cardiac Arrest): Penyebab utamanya adalah gangguan sistem listrik di jantung yang mengakibatkan jantung secara mendadak berhenti memompa darah. Hal ini dapat disebabkan oleh aritmia atau terputusan ritme jantung, seringkali tidak berkaitan langsung dengan penyakit arteri yang menutup luka pembuluh darah (stenosis).\n- Serangan Jantung (Heart Attack): Penyebab utama serangan jantung adalah terhambatnya aliran darah ke jantung karena pengotor atau lemak dalam saluran pembuluh darah. Hal ini menipis sel daripada yang dibutuhkan dan mengurangi oksigen yang dapat diserap oleh jantung, serta menyebabkan cedera pada jaringan miokardium (jaringan yang membentuk bibir atas dan bawah jantung).\n\n2. Gejala Wajib:\n- Henti Jantung Mendadak: Penderita biasanya tidak mengalami awitan sebelum henti jantung mendadak terjadi, yang diakibatkan oleh hilangnya sistem pengaturan detak jantung.\n- Serangan Jantung: Penderita seringkali mengalami awitan atau nyeri tenggorokan sebelum serangan jantung, dan biasanya gejala ini berkurang saat bergerak menghindari jantung dari beban yang berlebihan.\n\n3. Pengobatan Pertama:\n- Henti Jantung Mendadak: Pemulihan sangat tergantung pada lamanya waktu antara henti jantung dan penyembuhan pertama dilakukan pada pasien, terutama dalam 4-6 menit setelah kekurangan oksigen otak.\n- Serangan Jantung: Penderita seringkali segera mengadopsi tindakan resuscitasi jantung (CPR) dan pemberian asistol dengan cepat untuk mencegah kerusakan otak yang bisa fatal.\n\n4. Progres Diagnostik dan Pemulihan:\n- Henti Jantung Mendadak: Pengobatan diagnostik umumnya lebih lanjut setelah kondisi pasien stabil, termasuk pemeriksaan laboratorium untuk mengetahui faktor penyebab atau riwayat penyakit jantung lainnya.\n- Serangan Jantung: Pemeriksaan yang umum dilakukan antara lain adalah EKG, kateterisasi jantung untuk memastikan tidak terdapat lemak atau pengotor dalam saluran pembuluh darah, dan juga menjaga agar pasien tetap stabil.\n\n5. Kesiapkannya:\n- Henti Jantung Mendadak: Penderita yang mungkin memerlukan dukungan medis khusus seperti perawatan jantung di ICU atau unit terpadu, dengan pengobatan lanjutan dan penyembuhan yang lebih lama.\n- Serangan Jantung: Pasien seringkali mengalami proses rehabilitasi medis dan kesehatan masa depan untuk menghindari risiko ulang terjadinya serangan jantung atau penyakit jantung lainnya, tetapi umumnya tidak memerlukan dukungan medis yang seksama.\n\nDengan demikian, henti jantung mendadak dan serangan jantung merupakan dua kondisi medis berbeda dalam hubungannya dengan fungsi jantung, yang memiliki gejala, penyebab, komplikasi, pengobatan, dan proses rehabilitasinya yang unik.",None,combination_4,mxbai-embed-large,deepseek-v2,False,0.0
Apa saja gejala penyakit emboli yang terjadi di daerah tangan?,"Berikut adalah contoh gejala emboli yang terjadi di pembuluh darah arteri tangan atau kaki:\n\nTangan dan kaki terasa dingin dan pucat\nOtot terasa lemah, sulit bergerak\nOtot kram atau kedutan\nNyeri saat berjalan\nMati rasa atau kesemutan","['Topik: Emboli, Subtopik: Pengertian Emboli \n Emboli adalah kondisi ketika pembuluh darah tersumbat oleh zat asing, seperti gumpalan darah, gelembung udara, atau gumpalan kolesterol. Kondisi ini berbahaya dan harus segera diatasi, terutama bila terjadi di paru-paru, otak, atau jantung.\nEmboli menyebabkan pembuluh darah tersumbat. Penyumbatan ini dapat terjadi di pembuluh darah mana saja, mulai dari yang terkecil hingga terbesar, arteri maupun vena. Meski begitu, emboli biasanya lebih sering terjadi di arteri.\n\nEmboli yang terjadi pada arteri akan menyebabkan kurangnya asupan oksigen ke jaringan sehingga hal ini akan mengganggu fungsi jaringan atau organ. Jika tidak ditangani dengan tepat, penyumbatan ini dapat menyebabkan kerusakan permanen\nSementara itu, emboli yang terjadi pada vena akan mengganggu aliran darah yang akan kembali ke jantung. Akibatnya, darah akan membendung dan menyebabkan jaringan membengkak. Jika tidak segera ditangani, kondisi ini juga dapat merusak jaringan dan organ.\n', 'Topik: Emboli, Subtopik: Pengertian Emboli \n Emboli menyebabkan pembuluh darah tersumbat. Penyumbatan ini dapat terjadi di pembuluh darah mana saja, mulai dari yang terkecil hingga terbesar, arteri maupun vena. Meski begitu, emboli biasanya lebih sering terjadi di arteri.\n\nEmboli yang terjadi pada arteri akan menyebabkan kurangnya asupan oksigen ke jaringan sehingga hal ini akan mengganggu fungsi jaringan atau organ. Jika tidak ditangani dengan tepat, penyumbatan ini dapat menyebabkan kerusakan permanen\nSementara itu, emboli yang terjadi pada vena akan mengganggu aliran darah yang akan kembali ke jantung. Akibatnya, darah akan membendung dan menyebabkan jaringan membengkak. Jika tidak segera ditangani, kondisi ini juga dapat merusak jaringan dan organ.\n', 'Topik: Emboli, Subtopik: Penyebab Emboli: Gas \n Gelembung gas atau udara yang menyebabkan penyumbatan di pembuluh darah terjadi pada penyakit dekompresi. Kondisi ini biasanya dialami oleh penyelam yang terlalu cepat naik ke permukaan.\n']","Gejala penyakit emboli pada tangan dapat berbeda-beda, namun beberapa gejala umum antara lain adalah:\n\n1.  **Nyeri:** Nyeri di daerah tangan bisa terjadi karena pembuluh darah tersumbat.\n2.  **Kemerahan:** Warna kulit di daerah yang terkena akan berubah menjadi kemerahan dan bengkak.\n3.  **Bengkak:**\n    *   Bengkak atau penebalan pada jari tangan bisa disebabkan oleh pembuluh darah tersumbat, menyebabkan darah mengalami peningkatan tekanan yang berlebihan dan membendung. \n4.  **Kesulitan Menyentuh:** Jika pembuluh darah di tangan terkena emboli, maka dapat menyebabkan kesulitan dalam melakukan gerakan atau menekuk jari tangan.\n5.   Pembengkakan yang berlebihan dan tidak kunjung pulih juga bisa disebabkan oleh kondisi tersebut.\n\nGejala-gejala ini dapat berkembang dengan cepat, dan jika tidak segera ditangani, dapat menyebabkan kerusakan permanen pada jaringan atau organ.","Gejala utama emboli pada daerah tangan biasanya berupa kesemutan atau terasa sakit. Pada beberapa kasus, mungkin tidak ada gejala yang jelas dan hanya menimbulkan rasa gatal ringan di ujung jari.\n\nKetika embolus menyumbat aliran darah ke tangan, maka akan timbul gejala seperti mati rasa atau terasa lembek pada bagian tubuh tersebut. Pada beberapa kasus, emboli juga dapat menimbulkan perubahan warna kulit yang tidak biasa.\n\nGejala lainnya adalah adanya peradangan dan pembengkakan di sekitar jari tangan. Hal ini disebabkan oleh inflamasi pada bagian tubuh tersebut akibat penyumbatan aliran darah.\n\nPada beberapa kasus, emboli juga dapat menimbulkan gejala lain seperti nyeri perut atau sakit kepala.",combination_5,nomic-embed-text,llama3.1,True,0.0
Siapa saja orang yang berisiko mengalami takikardia?,"Takikardia atau aritmia lebih sering terjadi pada orang dengan faktor berikut:\n\nBerusia lanjut\nMemiliki penyakit endokrin, seperti diabetes atau penyakit tiroid, yang tidak terkontrol\nMemiliki hipertensi yang tidak terkontrol\nMengalami infeksi bakteri atau virus yang berat\nMenderita atau pernah mengalami hipertensi pulmonal\nMengonsumsi minuman beralkohol secara berlebihan\nMenggunakan NAPZA\nTidak cukup mengonsumsi kalsium, magnesium, atau kalium\n\nTakikardia supraventrikuler lebih sering dialami oleh wanita dan anak-anak, orang yang memiliki kebiasaan merokok, serta orang yang mengonsumsi minuman beralkohol atau berkafein secara berlebihan.","['Topik: Takikardia, Subtopik: Pengertian Takikardia \n Takikardia adalah kondisi jantung yang berdetak melebihi 100 kali per menit. Takikardia dapat terjadi sebagai respons dari kondisi normal, penyakit, atau gangguan irama jantung (aritmia).\nNormalnya, jantung berdetak 60  100 kali per menit. Jika detak jantung lebih dari 100 kali per menit, kondisi ini disebut takikardia.\n\nTakikardia terbagi dua, yaitu takikardia sinus dan aritmia. Takikardia sinus bisa terjadi ketika seseorang sedang berolahraga. Kondisi ini juga dapat terjadi sebagai respons tubuh terhadap stres, trauma, atau penyakit. Sementara aritmia terjadi akibat gangguan pada serambi atau bilik jantung sehingga detak jantung menjadi lebih cepat.\nTakikardia umumnya tidak menimbulkan gejala atau komplikasi. Namun, kondisi ini dapat mengganggu fungsi jantung jika dibiarkan tidak tertangani. Akibatnya, penderita bisa mengalami gagal jantung, stroke, serangan jantung mendadak, bahkan kematian.\n', 'Topik: Takikardia, Subtopik: Pengertian Takikardia \n Normalnya, jantung berdetak 60  100 kali per menit. Jika detak jantung lebih dari 100 kali per menit, kondisi ini disebut takikardia.\n\nTakikardia terbagi dua, yaitu takikardia sinus dan aritmia. Takikardia sinus bisa terjadi ketika seseorang sedang berolahraga. Kondisi ini juga dapat terjadi sebagai respons tubuh terhadap stres, trauma, atau penyakit. Sementara aritmia terjadi akibat gangguan pada serambi atau bilik jantung sehingga detak jantung menjadi lebih cepat.\nTakikardia umumnya tidak menimbulkan gejala atau komplikasi. Namun, kondisi ini dapat mengganggu fungsi jantung jika dibiarkan tidak tertangani. Akibatnya, penderita bisa mengalami gagal jantung, stroke, serangan jantung mendadak, bahkan kematian.\n', 'Topik: Takikardia, Subtopik: Pencegahan Takikardia \n Pada dasarnya, takikardia dapat dicegah dengan menjaga kesehatan jantung dan menghindari risiko terjadinya penyakit jantung. Beberapa upaya yang dapat dilakukan adalah:\n- Berhenti merokok\n- Menghindari konsumsi minuman beralkohol atau berkafein secara berlebihan\n- Mempertahankan berat badan ideal\n- Menjaga tekanan darah dan kadar kolesterol agar tetap normal\n- Berolahraga secara rutin\n- Mengonsumsi makanan yang sehat dan bergizi seimbang\n- Menghindari penyalahgunaan NAPZA\n- Berhati-hati dalam mengonsumsi obat-obat bebas dan pastikan untuk selalu mematuhi petunjuk pemakaian\n- Menghindari stres\n- Beristirahat yang cukup\n- Menjalani pemeriksaan kesehatan ke dokter secara berkala\n']","Orang yang berisiko mengalami takikardia adalah mereka yang memiliki riwayat penyakit jantung, seperti tekanan darah tinggi, kadar kolesterol yang tidak normal, atau kondisi lainnya yang terkait dengan kerusakan pada sistem peredaran darah. Selain itu, orang yang berisiko pula adalah mereka yang memiliki kebiasaan merokok, mengonsumsi minuman beralkohol atau berkafein secara berlebihan, serta tidak menjaga kesehatan jantung dengan baik.\n\nDalam beberapa kasus, takikardia juga dapat terjadi pada orang yang sedang mengalami stres atau trauma. Oleh karena itu, mereka yang memiliki riwayat penyakit mental seperti depresi, kecemasan, atau gangguan pernapasan kronis seperti asma juga berisiko lebih tinggi untuk mengalami takikardia.\n\nSelain itu, orang yang tidak menjaga kesehatan secara keseluruhan, seperti tidak melakukan olahraga secara teratur, tidak mengonsumsi makanan seimbang, dan tidak istirahat yang cukup juga berisiko lebih tinggi untuk mengalami takikardia.\n\nDalam beberapa kasus, takikardia dapat terjadi pada orang yang memiliki riwayat penyakit jantung atau kondisi lainnya yang terkait dengan kerusakan pada sistem peredaran darah. Oleh karena itu, mereka yang berisiko lebih tinggi untuk mengalami takikardia adalah:\n\n* Orang yang memiliki tekanan darah tinggi\n* Orang yang memiliki kadar kolesterol tidak normal\n* Orang yang merokok\n* Orang yang mengonsumsi minuman beralkohol atau berkafein secara berlebihan\n* Orang yang tidak menjaga kesehatan jantung dengan baik\n* Orang yang sedang mengalami stres atau trauma\n* Orang yang memiliki riwayat penyakit mental seperti depresi, kecemasan, atau gangguan pernapasan kronis seperti asma.\n* Orang yang tidak melakukan olahraga secara teratur\n* Orang yang tidak mengonsumsi makanan seimbang\n* Orang yang tidak istirahat yang cukup","Orang-orang yang memiliki riwayat penyakit jantung, terutama mereka yang telah mengalami serangan jantung sebelumnya atau memiliki kondisi yang disebut fibrilasi atrium. Orang tua dan wanita lebih rentan terhadap takikardia. Wanita yang sedang menjalani menopause juga berisiko tinggi mengalami takikardia karena perubahan kadar hormon estrogen dan progesterone dalam tubuh mereka.",combination_5,nomic-embed-text,llama3.1,True,0.0
Apa saja obat yang direkomendasikan untuk penderita penyakit gagal jantung?,"Beberapa jenis obat yang dapat diresepkan adalah:\n\nDiuretik, seperti spironolactone, furosemide, indapamide, dan acetazolamide untuk mencegah pengumpulan cairan di dalam tubuh\nPenghambat beta, seperti carvedilol dan bisoprolol, untuk memperlambat jantung dan menurunkan tekanan darah\nACE inhibitor, seperti lisinopril, ramipril, dan perindopril, untuk mengurangi ketegangan pada pembuluh darah, menurunkan tekanan darah, dan melancarkan aliran darah\nAngiotensin II receptor blockers (ARB), seperti candesartan, valsartan, dan telmisartan, untuk mengurangi ketegangan pada pembuluh darah pada pasien yang tidak cocok dengan ACE inhibitor\nDigoxin, untuk meningkatkan kekuatan otot jantung\nIvabradine, untuk memperlambat laju denyut jantung\nTolvaptan, untuk mengembalikan kadar natrium darah yang dapat menurun pada pasien gagal jantung\nEmpagliflozin, untuk menurunkan tekanan darah dan beban kerja jantung pada pasien yang juga memiliki diabetes tipe 2.","['Topik: Gagal Jantung, Subtopik: Diagnosis Gagal Jantung \n Untuk mendiagnosis gagal jantung, dokter akan menanyakan gejala yang dialami pasien, riwayat kesehatan pasien dan keluarga, serta obat-obatan yang dikonsumsi.\nSelanjutnya, dokter akan melakukan pemeriksaan fisik untuk melihat tanda-tanda gagal jantung, seperti pembengkakan di kaki atau pergelangan kaki. Dokter juga akan memeriksa detak jantung menggunakan stetoskop.\nDokter dapat melakukan beberapa pemeriksaan penunjang untuk memastikan diagnosis. Beberapa pemeriksaan tersebut adalah:\n- Tes darah, untuk mendeteksi hormon brain natriuretic peptide (BNP) yang kadarnya akan meningkat bila terjadi gagal jantung, dan mendeteksi penyakit yang dapat menjadi penyebab gagal jantung\n- Foto Rontgen dada, untuk mendeteksi pembesaran jantung atau penumpukan cairan dalam paru-paru yang umum terjadi pada penderita gagal jantung\n- Elektrokardiografi, untuk merekam perubahan aktivitas listrik jantung atau mendeteksi gangguan irama jantung yang bisa menjadi penyebab gagal jantung\n- Ekokardiografi, untuk melihat struktur organ jantung secara lebih jelas dengan bantuan gelombang suara berfrekuensi tinggi\n- CT scan atau MRI jantung, untuk memperoleh gambaran yang lebih detail mengenai kondisi organ jantung\n- Katerisasi jantung, untuk mendeteksi penyumbatan pada pembuluh darah jantung\n', 'Topik: Gagal Jantung, Subtopik: Pencegahan Gagal Jantung \n Untuk mencegah terjadinya gagal jantung, cara terbaik yang dapat dilakukan adalah menjalani pola hidup sehat, seperti:\n- Menjaga berat badan agar tetap ideal, atau mengurangi berat badan jika memiliki berat badan berlebih\n- Mengonsumsi makanan yang tinggi serat atau tinggi protein, seperti sayur, buah, ikan, dan biji-bijian atau serealia\n\n- Mengurangi asupan gula dan garam\n- Mengurangi konsumsi minuman beralkohol\n- Berolahraga secara rutin, setidaknya 30 menit setiap hari\n- Mencukupi waktu tidur dan istirahat\n- Mengelola stres dengan baik\n- Tidak merokok\nSelain dengan menjalani pola hidup sehat, gagal jantung juga dapat dicegah dengan menjalani pemeriksaan kesehatan secara rutin, seperti pemeriksaan tekanan darah, gula darah, dan kolesterol.\nBagi penderita kondisi atau penyakit yang dapat menyebabkan gagal jantung, seperti penyakit jantung atau diabetes, jalani pengobatan yang telah diberikan oleh dokter dan lakukan kontrol secara rutin.\n', 'Topik: Gagal Jantung, Subtopik: Penyebab Gagal Jantung: Faktor Risiko Gagal Jantung \n Meski dapat terjadi pada siapa saja, ada beberapa faktor yang dapat meningkatkan risiko terjadinya gagal jantung pada seseorang, yaitu:\n- Berusia di atas 65 tahun\n- Memiliki keluarga dengan riwayat gagal jantung\n- Memiliki berat badan berlebih atau obesitas\n\n- Merokok\n- Sering mengonsumsi makanan tinggi lemak dan kolesterol\n\n- Jarang berolahraga\n- Mengonsumsi minuman beralkohol secara berlebihan\n- Mengonsumsi obat-obatan tertentu, seperti obat pereda nyeri dan obat antihipertensi\n']","Untuk menggugah kesehatan dan mencegah gejala-gejala gagal jantung, dokter umumnya merekomendasikan beberapa jenis obat. Berikut ini beberapa obat yang sering digunakan untuk pengobatan penyakit jantung:\n\n1. Diuretik atau obat untuk menurunkan tekanan darah dan mengeluarkan cairan di luar sistem peredaran darah (edema):\n   - *Furosemide*: merupakan obat yang umum digunakan sebagai pengeluaran air dalam tubuh.\n   - *Spironolakton*: biasanya digunakan untuk menurunkan tekanan darah dan mengeluarkan cairan di luar sistem peredaran darah, serta membantu mengatasi edema.\n\n2. Agonist/antagonist kolinergik:\n   - *Soduim nitroprussid*: obat ini bekerja dengan cara menyebarkan nitrogen monoksida ke tubuh, yang akan mengecil jantung dan mengurangi tekanan darah.\n\n3. Beta-bloker:\n   - *Metoprolol* dan *Bisoprolol*: obat ini membantu mengontrol ritme jantung dengan cara mereduksi jumlah darah yang dipompa oleh jantung, sehingga tekanan darah menjadi lebih stabil.\n\n4. Angiotensin II receptor antagonis (ARBs):\n   - *Losartan* dan *Valsartan*: obat ini membantu mengurangi beban pada jantung dengan mencegah aktivitas enzim angiotensin II, yang biasanya akan mengebarki otot jantung dan memperkuat tekanan darah.\n\n5. Angkaosterol siklisasi:\n   - *Anakinra*: ini bukan obat untuk manusia tetapi sebagai contoh penggunaan biologic dalam penatalesan gagal jantung, anakinra digunakan untuk mengurangi risiko terjadinya gagal jantung.\n\n6. Angkaosterol siklisasi:\n   - *Anakinra*: ini bukan obat untuk manusia tetapi sebagai contoh penggunaan biologic dalam penatalesan gagal jantung, anakinra digunakan untuk mengurangi risiko terjadinya gagal jantung.\n\n7. *Angiotensin konverting enzyme (ACE) inhibitor*:\n   - *Lisinopril* dan *Ramipril*: obat ini membantu mengurangi tekanan darah, menghambat penyumbatan pembuluh darah jantung, dan mencegah gagal jantung.\n\n8. Agonist kolinergik:\n   - *Irbesartan*: obat ini digunakan untuk mengontrol ritme jantung dan menurunkan tekanan darah serta mengeluarkan cairan di luar sistem peredaran darah pada pasien yang memiliki riwayat penyakit jantung.\n\n9. *Spironolakton*: obat ini digunakan untuk menurunkan tekanan darah dan mengeluarkan cairan di luar sistem peredaran darah pada pasien yang memiliki riwayat penyakit jantung.\n\n10. *Bisoprolol*: obat ini digunakan untuk menurunkan tekanan darah dan mengontrol ritme jantung serta mengeluarkan cairan di luar sistem peredaran darah pada pasien yang memiliki riwayat penyakit jantung.\n\nSemua obat tersebut harus diakui, digunakan atau tidaknya ditentukan oleh dokter khususnya di bidang gigi kardiologis dan ahli kesehatan lain yang mengetahui dosis dan cara pemberian obat dengan benar.\n\nJangan gunakan obat tanpa nasihat dokter terlebih dahulu, karena beberapa obat ini bersifat beracun dalam jumlah kecil dan mengakibatkan gejala-gejala parah.","Obat-obatan yang umum direkomendasikan bagi pasien dengan penyakit jantung atau gangguan pada sistem peredaran darah, seperti gagal jantung, meliputi zat aktif untuk mengekang otot hati (beta blokader), memperkuat denyut jantung, dan mengurangi tekanan. Berikut beberapa jenis obat yang sering diberikan:\n\n1. Beta Blokade: Obat ini mereduksi denyut jantung, menghilangkan rasa ngeri pada bahagian belakang tenggorok, dan mengurangi tekanan darah tinggi. Contoh umum termasuk propranolol, bisoprolol, metoprolol, dan atenolol.\n2. Diuretik: Obat ini membantu mengeluarkan air berlebihan dalam tubuh untuk menurunkan tekanan darah dan mengurangi edema (pemunisan). Contohnya furosemid, torasemid, dan spironolakton.\n3. Antiaggregan: Obat ini memblokir serabut zat penyebab agregasi sel yang berhubungan dengan penggumpalan darah, menghindari terbentuknya trombos ke dalam arteri lain. Salbutamol dan clopidogrel adalah contoh antiaggregan.\n4. Angiotensin II receptor blokir (ARBS): Obat ini mengurangi sistem peredaran darah alami yang berlebihan, mengecilkan otot hati, dan menaikkan tekanan darah. Contohnya losartan, valsartan, irbesartan, dan candesartan.\n5. Kardiotonik: Obat ini memperkuat denyut jantung yang normal atau meningkatkan jumlah serabut nadi untuk mengatasi gangguan ritme jantung. Contohnya digoxin.\n6. Antihipertrofi oblat: Obat ini me otot hati, mengurangi tekanan darah dan menghilangkan edema dengan cara yang sama seperti ARBS tetapi tanpa memakai enzim konversi angiotensin I ke II. Contohnya carvedilol, metoprolol suksesor, and nebivolol.\n7. Antikoagulan: Obat ini digunakan untuk mencegah terbentuknya trombus dalam arteri atau pembekuan darah, seperti dalam penyakit jantung gangguan jalan atau stroke. Contohnya heparin, warfarin, dan dabigatran.\n\nPenting untuk diingat bahwa obat-obatan ini seringkali diberikan bersamaan dan harus direncanakan oleh dokter khusus atau ahli medis yang memiliki pengetahuan lanjutan mengenai gejala, tindak balas pasien, dan kombinasi efek obat.",combination_6,nomic-embed-text,deepseek-v2,True,0.0
Apa saja gejala penyakit emboli yang terjadi di daerah tangan?,"Berikut adalah contoh gejala emboli yang terjadi di pembuluh darah arteri tangan atau kaki:\n\nTangan dan kaki terasa dingin dan pucat\nOtot terasa lemah, sulit bergerak\nOtot kram atau kedutan\nNyeri saat berjalan\nMati rasa atau kesemutan","['Topik: Emboli, Subtopik: Pengertian Emboli \n Emboli adalah kondisi ketika pembuluh darah tersumbat oleh zat asing, seperti gumpalan darah, gelembung udara, atau gumpalan kolesterol. Kondisi ini berbahaya dan harus segera diatasi, terutama bila terjadi di paru-paru, otak, atau jantung.\nEmboli menyebabkan pembuluh darah tersumbat. Penyumbatan ini dapat terjadi di pembuluh darah mana saja, mulai dari yang terkecil hingga terbesar, arteri maupun vena. Meski begitu, emboli biasanya lebih sering terjadi di arteri.\n\nEmboli yang terjadi pada arteri akan menyebabkan kurangnya asupan oksigen ke jaringan sehingga hal ini akan mengganggu fungsi jaringan atau organ. Jika tidak ditangani dengan tepat, penyumbatan ini dapat menyebabkan kerusakan permanen\nSementara itu, emboli yang terjadi pada vena akan mengganggu aliran darah yang akan kembali ke jantung. Akibatnya, darah akan membendung dan menyebabkan jaringan membengkak. Jika tidak segera ditangani, kondisi ini juga dapat merusak jaringan dan organ.\n', 'Topik: Emboli, Subtopik: Pengertian Emboli \n Emboli menyebabkan pembuluh darah tersumbat. Penyumbatan ini dapat terjadi di pembuluh darah mana saja, mulai dari yang terkecil hingga terbesar, arteri maupun vena. Meski begitu, emboli biasanya lebih sering terjadi di arteri.\n\nEmboli yang terjadi pada arteri akan menyebabkan kurangnya asupan oksigen ke jaringan sehingga hal ini akan mengganggu fungsi jaringan atau organ. Jika tidak ditangani dengan tepat, penyumbatan ini dapat menyebabkan kerusakan permanen\nSementara itu, emboli yang terjadi pada vena akan mengganggu aliran darah yang akan kembali ke jantung. Akibatnya, darah akan membendung dan menyebabkan jaringan membengkak. Jika tidak segera ditangani, kondisi ini juga dapat merusak jaringan dan organ.\n', 'Topik: Emboli, Subtopik: Penyebab Emboli: Gas \n Gelembung gas atau udara yang menyebabkan penyumbatan di pembuluh darah terjadi pada penyakit dekompresi. Kondisi ini biasanya dialami oleh penyelam yang terlalu cepat naik ke permukaan.\n']","Berdasarkan konteks yang diberikan, beberapa gejala penyakit emboli yang mungkin terjadi pada bagian tangan termasuk:\n\n1. Mengalami nyeri atau rasa sakit di sekitar daerah yang tersumbat darah, seperti berkeringat dan menggigil (Raynaud's phenomenon).\n2. Pernapasan menjadi lebih sulit karena kurangnya oksigen yang masuk ke paru-paru.\n3. Daun tangan atau bagian lain dari tangan tampak merah, sebelum menguning dan terputus.\n4. Perasaan gemas atau sakit saat menekan tulang pada daun tangan.\n5. Penyempitan aliran darah yang menyebabkan bagian tangan terasa dingin dan tampak kehilangan ciri-ciri normalnya, seperti mengalir cairan atau memutar jari.","Gejala penyakit emboli pada umumnya tidang disebabkan oleh benda asing seperti lecet, darah tipes atau jaringan tipis lainnya yang menghentikan aliran darah ke organ-organ tubuh. Dalam kasus emboli di daerah tangan, gejala umum termasuk pembesaran dan ketegatan pada bagian tangan yang terserang oleh arteri.\n\n1. Pembesaran dan Ketegasan Penyakit Emboli: Gejala paling sering terjadi dalam penyakit emboli, dimana arsitektur atau kesehatan arteri tangan mengalami perubahan yang menyebabkan bagian yang terserang menjadi lebih besar dan lebih tebal.\n2. Nyeri di Bagian Tangan: Penyakit emboli dapat menyebabkan nyeri atau rasa sakit pada bagian tangan yang terpengaruh, seperti pergelangan tangan atau jari-jari.\n3. Gangguan Pembuluh Darah: Dalam penyakit emboli, gangguan aliran darah dapat menyebabkan gumpalan darah menempel pada arteri yang terpengaruh, sehingga mengurangi aliran oksigen ke tubuh dan membuat bagian tangan kesulitan mendapat oksigen.\n4. Pembesaran Dan Ketegasan Penyumbatan Arteri: Dalam hal ini, arsitektur arteri tangan yang terserang oleh emboli akan menjadi lebih besar dan tebal akibat penghentian aliran darah.\n5. Gejala Lain seperti Nyeri Akibat Ketegasan: Penyebab lain dari ketegasan penyakit emboli adalah nyeri yang disertai oleh rasa tekanan atau ketegangan pada bagian tangan yang terserang.\n6. Perubahan Far: Perubahan fare, yaitu perubahan warna kulit di sekitar arteri yang terpengaruh oleh emboli, juga bisa menjadi gejala dari penyakit ini.\n7. Pembesaran Dan Ketegasan Penyumbatan Arteri: Dalam hal ini, arsitektur arteri tangan yang terserang oleh emboli akan menjadi lebih besar dan tebal akibat penghentian aliran darah.\n8. Gejala Lain seperti Nyeri Akibat Ketegasan: Penyebab lain dari ketegasan penyakit emboli adalah nyeri yang disertai oleh rasa tekanan atau ketegangan pada bagian tangan yang terserang.\n9. Perubahan Far: Perubahan fare, yaitu perubahan warna kulit di sekitar arteri yang terpengaruh oleh emboli, juga bisa menjadi gejala dari penyakit ini.",combination_6,nomic-embed-text,deepseek-v2,True,0.0
Apa hal-hal yang dapat menyebabkan penyakit hipertensi?,"Hipertensi sekunder bisa disebabkan oleh sejumlah kondisi, yaitu:\n\nPenyakit ginjal\nPenyakit kelenjar tiroid\nTumor kelenjar adrenal\nKelainan bawaan pada pembuluh darah\nKecanduan alkohol\nPenyalahgunaan NAPZA\nGangguan pernapasan yang terjadi saat tidur (sleep apnea)\nKonsumsi obat-obatan tertentu, seperti obat antiinflamasi nonsteroid (NSAID), obat batuk pilek, atau pil KB","['Topik: Hipertensi, Subtopik: Penyebab Hipertensi: Faktor Risiko Hipertensi \n Ada beberapa faktor yang bisa meningkatkan risiko seseorang terserang hipertensi, yaitu:\n- Berusia di atas 65 tahun\n- Sedang hamil\n- Jarang berolahraga dan jarang melakukan aktivitas fisik\n- Kurang mengonsumsi makanan yang mengandung kalium\n- Memiliki keluarga dengan riwayat tekanan darah tinggi\n- Menderita obesitas, sleep apnea, diabetes, atau penyakit ginjal\n- Mengonsumsi terlalu banyak makanan tinggi garam\n- Mengonsumsi terlalu banyak kafein\n- Memiliki kebiasaan merokok dan mengonsumsi minuman beralkohol\n', 'Topik: Hipertensi, Subtopik: Pengertian Hipertensi \n Hipertensi atau darah tinggi adalah kondisi ketika tekanan darah berada pada angka 130/80 mmHg atau lebih. Jika tidak segera ditangani, hipertensi bisa menyebabkan komplikasi serius, seperti gagal jantung, penyakit ginjal, hingga stroke.\nTekanan darah dinyatakan dalam dua nilai angka yang dipisahkan dengan garis miring atau yang biasanya disebut  per  . Angka di awal, yaitu di sebelah kiri garis miring menandakan tekanan sistolik. Ini adalah tekanan di dalam pembuluh darah ketika jantung berkontraksi untuk memompa darah keluar dari jantung.\n\nAngka di akhir yang berada setelah garis miring menandakan tekanan diastolik, yaitu tekanan darah saat jantung berelaksasi dan menyedot atau menerima darah masuk kembali ke dalam jantung.\nPada kondisi normal, tekanan darah orang dewasa adalah 120/80 mmHg. Artinya, tekanan sistoliknya adalah 120 mmHg dan diastoliknya 80 mmHG.\nTekanan darah tinggi yang terjadi terus-menerus dapat membuat jantung bekerja lebih keras untuk memompa darah ke seluruh tubuh. Kondisi ini lama-kelamaan bisa membuat jantung membesar, merusak pembuluh darah, dan membuat ginjal tidak bisa bekerja dengan baik.\nOleh karena itu, hipertensi perlu segera ditangani. Setelah tekanan darah kembali normal pun, perlu terus dilakukan pemantauan dan bahkan penggunaan obat rutin agar tekanan darah selalu terkontrol.\n', 'Topik: Hipertensi, Subtopik: Komplikasi Hipertensi \n Tekanan darah tinggi bisa merusak pembuluh darah dan organ-organ lain di dalam tubuh. Jika tidak segera diobati, tekanan darah tinggi bisa menimbulkan penyakit serius, seperti:\n- Gangguan penglihatan hingga kebutaan akibat retinopati hipertensi\n\n- Sindrom metabolik\n- Penyakit ginjal\n- Penyakit arteri perifer\n- Penyakit jantung (hypertensive heart disease)\n- Serangan jantung\n- Gagal jantung atau jantung lemah\n\n- Demensia vaskular\n- Aneurisma otak\n- Stroke\nHipertensi yang tidak terkontrol dengan baik berisiko menjadi krisis hipertensi. Kondisi ini berbahaya dan memerlukan penanganan segera di IGD.\n']","Penyakit hipertensi adalah kondisi ketika tekanan darah seseorang berada pada angka 130/80 mmHg atau lebih. Hal-hal yang dapat menyebabkan penyakit hipertensi meliputi:\n\n1. Berusia di atas 65 tahun: Usia tua sering kali dikaitkan dengan risiko mengembangkan hipertensi karena kemampuan tubuh untuk menyesuaikan tekanan darah secara alami menurun seiring berjalannya waktu.\n\n2. Sedang hamil: Kondisi ini dapat menyebabkan peningkatan tekanan darah karena perubahan dalam sistem kardiovaskular dan endokrin yang terjadi selama kehamilan.\n\n3. Jarang berolahraga dan jarang melakukan aktivitas fisik: Kurangnya aktivitas fisik dapat memicu peningkatan tekanan darah, karena tubuh tidak mendapatkan cukup stimulasi untuk menjaga kesehatan pembuluh darah dan jantung.\n\n4. Kurang mengonsumsi makanan yang mengandung kalium: Kalium berperan penting dalam menjaga keseimbangan cairan tubuh dan menurunkan tekanan darah. Makanan yang rendah kalium dapat meningkatkan risiko hipertensi.\n\n5. Memiliki keluarga dengan riwayat tekanan darah tinggi: Riwayat keluarga yang memiliki tekanan darah tinggi dapat meningkatkan risiko seseorang mengembangkan kondisi yang sama, karena faktor genetik berperan dalam determinasi tekanan darah.\n\n6. Menderita obesitas, sleep apnea, diabetes, atau penyakit ginjal: Kondisi-kondisi ini dapat menyebabkan peningkatan tekanan darah dengan cara yang berbeda-beda, tergantung pada bagaimana kondisi tersebut mempengaruhi sistem kardiovaskular dan endokrin tubuh.\n\n7. Mengonsumsi terlalu banyak makanan tinggi garam: Konsumsi makanan tinggi garam secara berlebihan dapat meningkatkan tekanan darah, karena tubuh harus bekerja lebih keras untuk memompa darah melalui pembuluh darah yang semakin sempit.\n\n8. Mengonsumsi terlalu banyak kafein: Kafein dapat meningkatkan tekanan darah dengan cara menstimulasi jantung dan pembuluh darah untuk berkontraksi lebih keras.\n\n9. Memiliki kebiasaan merokok dan mengonsumsi minuman beralkohol: Merokok dan konsumsi alkohol secara terus-menerus dapat meningkatkan tekanan darah dengan cara yang kompleks, melibatkan perubahan pada sistem kardiovaskular dan endokrin tubuh.","Penyakit hipertensi atau tekanan darah tinggi biasanya disebabkan oleh beberapa faktor dan kondisi tubuh, seperti: \n\n- Faktor genetik. Jika ayah atau ibu Anda memiliki hipertensi maka kemungkinan anaknya akan mengalami hal yang sama lebih besar.\n- Faktor usia. Semakin tua seseorang, semakin besar pula kemungkinan terkena penyakit hipertensi.\n- Faktor gaya hidup. Banyak orang yang mengalami peningkatan tekanan darah karena adanya faktor gaya hidup seperti merokok dan minum alkohol secara berlebihan, serta tidak melakukan olahraga atau berolahraga kurang.\n- Faktor nutrisi. Konsumsi makanan yang tinggi garam dapat menyebabkan tekanan darah meningkat.",combination_7,mxbai-embed-large,llama3.1,True,0.0
Apa saja hal yang dapat meningkatkan risiko terkena penyakit hipertensi pulmonal?,"Risiko terkena hipertensi pulmonal lebih dapat meningkat pada orang dengan kondisi berikut:\n\nBerjenis kelamin wanita\nBerusia 30 tahun ke atas\nMenderita berat badan berlebih\nMemiliki keluarga dengan riwayat hipertensi pulmonal\nMenderita kelainan lahir, seperti penyakit jantung bawaan atau sindrom Down\nMemiliki kondisi medis lain, seperti penyakit hati, penyakit penggumpalan darah, penyakit ginjal kronis, atau penyakit tiroid\nMengonsumsi obat-obatan penurun berat badan\nMengonsumsi obat selective serotonin reuptake inhibitors (SSRIs) untuk mengatasi depresi dan gangguan kecemasan\nMemiliki kebiasaan merokok\nMenyalahgunakan NAPZA, seperti kokain\nTerpapar asbes","['Topik: Hipertensi Pulmonal, Subtopik: Penyebab Hipertensi Pulmonal: Hipertensi pulmonal akibat kondisi lain \n Beberapa kondisi lain yang dapat menyebabkan hipertensi pulmonal adalah:\n- Sarkoidosis\n- Tumor yang menekan pembuluh arteri paru-paru\n- Penyakit ginjal\n- Sindrom Eisenmenger\nMeski jarang terjadi, hipertensi pulmonal juga dapat dialami oleh bayi baru lahir. Kondisi ini membuat jantung tidak bisa mengalirkan darah sarat oksigen ke seluruh tubuh. Penyakit ini dikenal dengan hipertensi pulmonal persisten pada bayi baru lahir.\n', 'Topik: Hipertensi Pulmonal, Subtopik: Pengertian Hipertensi Pulmonal \n Hipertensi pulmonal adalah tekanan darah tinggi yang secara spesifik terjadi pada pembuluh darah arteri di paru-paru dan sisi kanan jantung. Kondisi ini awalnya bisa tidak disadari, kemudian lama-kelamaan makin serius dan dapat berakibat fatal.\nHipertensi pulmonal dapat terjadi pada semua orang, tetapi penyakit ini sering kali menyerang orang yang menderita gangguan di jantung atau paru-paru. Kondisi ini dapat terjadi dengan sendirinya atau disebabkan oleh penyakit lain.\n\nHipertensi pulmonal berkembang dengan perlahan sehingga gejalanya pun timbul secara bertahap. Penderita dapat tidak mengalami gejala apa pun pada tahap awal, tetapi gejala kemudian akan muncul dan bertambah parah seiring dengan berkembangnya kondisi.\nHipertensi pulmonal umumnya dapat ditandai oleh gejala berikut ini:\n- Napas pendek selama beraktivitas\n- Kelelahan\n- Nyeri dada\n- Jantung berdebar\n- Nyeri pada bagian kanan atas perut\n- Hilang nafsu makan\nHipertensi pulmonal terjadi ketika arteri kecil di paru-paru dan pembuluh kapilernya menyempit, tersumbat, atau rusak. Kondisi ini mengakibatkan darah dari sisi kanan jantung sulit mengalir ke paru-paru. Akibatnya, tekanan pada arteri paru-paru juga meningkat.\nSeiring peningkatan tekanan tersebut, bilik kanan jantung harus bekerja lebih keras untuk memompa darah menuju paru-paru. Kondisi ini seiring waktu membuat otot jantung melemah dan dapat memicu beragam komplikasi, yang meliputi:\n- Gagal jantung\n- Pembesaran jantung\n- Aritmia\n- Penggumpalan darah\n- Perdarahan pada paru-paru\n- Komplikasi kehamilan\nHipertensi pulmonal jarang terdiagnosis pada tahap awal dan biasanya baru disadari setelah penyakit tersebut berkembang selama beberapa waktu atau setelah mencapai tahap lanjut. Diagnosa biasanya ditetapkan melalui pemindaian jantung dan paru-paru, serta elektrokardiogram.\nHipertensi pulmonal merupakan penyakit yang belum dapat disembuhkan, sehingga pengobatan akan lebih difokuskan untuk meredakan gejala atau memperlambat perkembangan penyakit.\nPenanganan sedini mungkin penting untuk dilakukan agar tidak terjadi komplikasi. Selain itu, penderita juga disarankan untuk mengubah gaya hidup untuk memperbaiki kondisinya.\n', 'Topik: Hipertensi Pulmonal, Subtopik: Pengobatan Hipertensi Pulmonal: Obat-obatan \n Salah satu pilihan pengobatan yang dapat dilakukan pada pasien hipertensi pulmonal adalah pemberian obat. Jenis obat yang bisa diberikan antara lain:\n- Sildenafil atau tadalafil\nSildenafil dan tadalafil berfungsi membuka pembuluh darah paru-paru agar darah dapat mengalir dengan lebih mudah.\n- Antagonis kalsium\nObat ini berfungsi melemaskan otot pembuluh darah, tetapi hanya ampuh pada sebagian penderita hipertensi pulmonal. Beberapa obat yang termasuk ke dalam golongan ini adalah nifedipine, diltiazem, dan amlodipine.\n- Antikoagulan\nAntikoagulan, seperti warfarin, merupakan obat pengencer darah yang berfungsi menghambat terbentuknya gumpalan darah di arteri paru-paru. Meski obat ini sering digunakan, penggunaannya perlu dievaluasi secara rutin karena dapat meningkatkan risiko terjadinya perdarahan.\n- Diuretik\nDiuretik adalah obat yang berfungsi mengurangi cairan di dalam tubuh sehingga kerja jantung menjadi lebih ringan. Obat ini juga dapat mengurangi penumpukan cairan di paru-paru, tungkai, dan perut pada pasien yang sudah mengalami komplikasi gagal jantung.\n- Digoxin\nDigoxin adalah obat yang berfungsi membantu jantung berdenyut lebih kuat agar dapat memompa lebih banyak darah. Obat ini juga dapat mengendalikan denyut jantung menjadi lebih teratur.\n- Vasodilator\nVasodilator digunakan untuk melemaskan dan membuka pembuluh darah yang menyempit di paru-paru. Dengan begitu, darah dapat mengalir lebih baik. Contoh obat dari golongan ini antara lain epoprostenol, beraprost, dan iloprost.\n']","Pada umumnya, beberapa kondisi dan faktor dapat meningkatkan risiko seseorang untuk mengalami penyakit hipertensi pulmonal. Beberapa contoh dari hal tersebut adalah:\n\n1.  **Gangguan Jantung:** Kondisi ini sering kali dikaitkan dengan hipertensi pulmonal karena gangguan pada jantung dapat menyebabkan peningkatan tekanan darah di arteri paru-paru.\n2.  **Penyakit Paru-Paru:** Penyakit seperti asma, bronkitis kronik, atau penyakit paru-paru lainnya dapat meningkatkan risiko terkena hipertensi pulmonal karena kondisi ini menyebabkan pembuluh darah di paru-paru menjadi lebih sempit.\n3.  **Sindrom Eisenmenger:** Sindrom ini merupakan kondisi yang kompleks yang menyerang sistem kardiovaskular dan dapat meningkatkan risiko terkena hipertensi pulmonal karena peningkatan tekanan darah di arteri paru-paru.\n4.  **Penyakit Ginjal:** Kondisi ginjal yang buruk, seperti gagal ginjal, dapat menyebabkan penumpukan cairan dalam tubuh dan meningkatkan risiko terkena hipertensi pulmonal.\n5.  **Kehamilan:** Wanita hamil dengan kondisi pre-eksitasi atau sindrom preeklampsia memiliki risiko lebih tinggi mengembangkan hipertensi pulmonal karena peningkatan tekanan darah yang dapat menyebabkan kerusakan pada pembuluh darah di paru-paru.\n6.  **Sarkoidosis:** Kondisi ini merupakan penyakit autoimun yang menyerang sistem pernapasan dan dapat meningkatkan risiko terkena hipertensi pulmonal karena peningkatan tekanan darah di arteri paru-paru.\n7.  **Tumor Paru-Paru atau Jantung:** Kondisi ini dapat menyebabkan penumpukan cairan dalam tubuh dan meningkatkan risiko terkena hipertensi pulmonal karena peningkatan tekanan darah di arteri paru-paru.\n8.  **Faktor Genetik:** Beberapa kondisi genetik, seperti sindrom Marfan atau sindrom Loewy, dapat meningkatkan risiko terkena hipertensi pulmonal karena kerusakan pada struktur jaringan dan pembuluh darah di paru-paru.\n9.  **Kerusakan Paru-Paru:** Kondisi seperti fibrosis paru atau emfisema paru dapat meningkatkan risiko terkena hipertensi pulmonal karena peningkatan tekanan darah di arteri paru-paru.\n\nDengan memahami faktor-faktor yang dapat meningkatkan risiko terkena penyakit hipertensi pulmonal, Anda dapat mengambil langkah-langkah preventif untuk menjaga kesehatan dan mencegah komplikasi.","Penyakit hipertensi pulmonal (PH) adalah kondisi medis yang kompleks, di mana tekanan darah dalam arteri pulmonal meningkat. Berikut beberapa faktor yang dapat meningkatkan risiko terkena penyakit hipertensi pulmonal:\n\n1. **Kerusakan paru-paru**: Penyakit paru-paru seperti fibrosis pulmonal, emfisema, dan kanker paru-paru dapat menyebabkan tekanan darah dalam arteri pulmonal meningkat.\n2. **Penyakit jantung**: Penyakit-penyakit jantung seperti stenosis aorta, penyakit katup jantung, dan fibrosis jantung dapat mempengaruhi fungsi jantung dan menyebabkan tekanan darah dalam arteri pulmonal meningkat.\n3. **Kerusakan otot jantung**: Penyakit seperti miokarditis atau dilatasi ventrikel kiri dapat menyebabkan kerusakan otot jantung, yang dapat mempengaruhi fungsi pompa jantung dan menyebabkan tekanan darah dalam arteri pulmonal meningkat.\n4. **Penyakit vaskular**: Penyakit-penyakit vaskular seperti aterosklerosis, trombosis, atau emboli dapat mempengaruhi aliran darah ke paru-paru dan menyebabkan tekanan darah dalam arteri pulmonal meningkat.\n5. **Penyakit metabolik**: Penyakit-penyakit metabolik seperti diabetes mellitus, hipertensi sistemik, dan obesitas dapat mempengaruhi fungsi jantung dan paru-paru serta menyebabkan tekanan darah dalam arteri pulmonal meningkat.\n6. **Penyalahgunaan narkoba**: Penyakit-penyakit yang terkait dengan penyalahgunaan narkoba seperti kanker paru-paru, fibrosis pulmonal, dan kerusakan otot jantung dapat meningkatkan risiko terkena penyakit hipertensi pulmonal.\n7. **Kerusakan otak**: Penyakit-penyakit otak seperti stroke atau infarksi otak dapat mempengaruhi fungsi paru-paru dan menyebabkan tekanan darah dalam arteri pulmonal meningkat.\n\nDalam beberapa kasus, penyakit hipertensi pulmonal juga dapat disebabkan oleh faktor-faktor genetik, seperti kelainan genetik yang mempengaruhi fungsi paru-paru atau jantung.",combination_7,mxbai-embed-large,llama3.1,True,0.0833333333333333
Siapa saja orang yang berisiko mengalami takikardia?,"Takikardia atau aritmia lebih sering terjadi pada orang dengan faktor berikut:\n\nBerusia lanjut\nMemiliki penyakit endokrin, seperti diabetes atau penyakit tiroid, yang tidak terkontrol\nMemiliki hipertensi yang tidak terkontrol\nMengalami infeksi bakteri atau virus yang berat\nMenderita atau pernah mengalami hipertensi pulmonal\nMengonsumsi minuman beralkohol secara berlebihan\nMenggunakan NAPZA\nTidak cukup mengonsumsi kalsium, magnesium, atau kalium\n\nTakikardia supraventrikuler lebih sering dialami oleh wanita dan anak-anak, orang yang memiliki kebiasaan merokok, serta orang yang mengonsumsi minuman beralkohol atau berkafein secara berlebihan.","['Topik: Takikardia, Subtopik: Pengertian Takikardia \n Takikardia adalah kondisi jantung yang berdetak melebihi 100 kali per menit. Takikardia dapat terjadi sebagai respons dari kondisi normal, penyakit, atau gangguan irama jantung (aritmia).\nNormalnya, jantung berdetak 60  100 kali per menit. Jika detak jantung lebih dari 100 kali per menit, kondisi ini disebut takikardia.\n\nTakikardia terbagi dua, yaitu takikardia sinus dan aritmia. Takikardia sinus bisa terjadi ketika seseorang sedang berolahraga. Kondisi ini juga dapat terjadi sebagai respons tubuh terhadap stres, trauma, atau penyakit. Sementara aritmia terjadi akibat gangguan pada serambi atau bilik jantung sehingga detak jantung menjadi lebih cepat.\nTakikardia umumnya tidak menimbulkan gejala atau komplikasi. Namun, kondisi ini dapat mengganggu fungsi jantung jika dibiarkan tidak tertangani. Akibatnya, penderita bisa mengalami gagal jantung, stroke, serangan jantung mendadak, bahkan kematian.\n', 'Topik: Takikardia, Subtopik: Pengertian Takikardia \n Normalnya, jantung berdetak 60  100 kali per menit. Jika detak jantung lebih dari 100 kali per menit, kondisi ini disebut takikardia.\n\nTakikardia terbagi dua, yaitu takikardia sinus dan aritmia. Takikardia sinus bisa terjadi ketika seseorang sedang berolahraga. Kondisi ini juga dapat terjadi sebagai respons tubuh terhadap stres, trauma, atau penyakit. Sementara aritmia terjadi akibat gangguan pada serambi atau bilik jantung sehingga detak jantung menjadi lebih cepat.\nTakikardia umumnya tidak menimbulkan gejala atau komplikasi. Namun, kondisi ini dapat mengganggu fungsi jantung jika dibiarkan tidak tertangani. Akibatnya, penderita bisa mengalami gagal jantung, stroke, serangan jantung mendadak, bahkan kematian.\n', 'Topik: Takikardia, Subtopik: Pencegahan Takikardia \n Pada dasarnya, takikardia dapat dicegah dengan menjaga kesehatan jantung dan menghindari risiko terjadinya penyakit jantung. Beberapa upaya yang dapat dilakukan adalah:\n- Berhenti merokok\n- Menghindari konsumsi minuman beralkohol atau berkafein secara berlebihan\n- Mempertahankan berat badan ideal\n- Menjaga tekanan darah dan kadar kolesterol agar tetap normal\n- Berolahraga secara rutin\n- Mengonsumsi makanan yang sehat dan bergizi seimbang\n- Menghindari penyalahgunaan NAPZA\n- Berhati-hati dalam mengonsumsi obat-obat bebas dan pastikan untuk selalu mematuhi petunjuk pemakaian\n- Menghindari stres\n- Beristirahat yang cukup\n- Menjalani pemeriksaan kesehatan ke dokter secara berkala\n']","Dalam konteks teori atau riset medis, orang-orang dengan riwayat penyakit jantung, termasuk pengobatan sebelumnya, gangguan metabolisme elektrolit, infeksi jaringan liang atau penyebab lainnya yang berkontribusi terhadap fungsi jantung dan arsitektur serambi atau bilik jantung, cenderung berisiko mengalami takikardia.\n\nOrang tua usia lanjut juga memiliki risiko lebih tinggi karena penyakit arteriosklerosis yang dapat menyebabkan gangguan aritmiasi jantung. Pemakaian obat-obatan, termasuk terapi serius dengan digoksigenasi dan inokulum digitalis, juga bisa memicu takikardia.\n\nSelain itu, pasien yang mengalami stroke atau infark jantung karena penyumbatan arteri pembuluh darah miokardium (misalnya akibat disebabkan oleh trombos ke bawah) juga memiliki risiko lebih tinggi terkena takikardia.\n\nPasien dengan riwayat penyakit hipertiroidisme atau penggunaan obat bebas untuk penyakit ini, yang merupakan suatu tanda adanya gangguan aritmiasi jantung, juga termasuk dalam kelompok risiko tinggi.\n\nPenyebab lainnya dari takikardia meliputi infeksi vena venosa pada tengkorak atau radang batang jantung (perikarditis), penyakit autoimune, dan gangguan syaraf otak yang berkaitan dengan trauma atau tumor.\n\nDalam praktek kesehatan umum, orang-orang dengan pola hidup tidak sehat, seperti merokok atau minum secara berlebihan, juga cenderung memiliki risiko lebih tinggi untuk mengalami penyakit jantung termasuk takikardia.\n\nDalam kaitannya dengan konteks yang diberikan, orang-orang di luar negeri dan berada dalam lingkungan keramahtamahan juga mungkin memiliki risiko lebih tinggi terkena takikardia akibat ketidakmaksudan penggunaan obat-obatan atau gangguan lainnya yang tidak diinginkan.","Orang yang berisiko mengalami tikus belanga termasuk di antaranya mereka yang memiliki riwayat famili dengan penyakit jantung, seperti hipertrofi kardiak atau fibrosis jaringan nafsu hati. Mereka juga termasuk pasien dewasa prematur dan anak-anak dengan cacat fisik otak atau gangguan syaraf yang berhubungan dengan fungsi jantung, seperti kecanduan kesadahan makanan (yang bisa meningkatkan resiko infark jantung) dan obesitas. Pemakaian stimulan, termasuk obat-obatan tidak sah atau pemakaran merokok, juga dapat memperpendek jumlah lebar kambang dalam sirkulasi jantung dan meningkatkan risiko tikus belanga.",combination_8,mxbai-embed-large,deepseek-v2,True,0.0
Apa kelainan yang dialami oleh seseorang dengan penyakit Patent Foramen Ovale?,Patent foramen ovale adalah penyakit jantung bawaan ketika lubang yang terletak di antara serambi kanan dan serambi kiri jantung tidak menutup secara sempurna setelah bayi lahir. Pada patent foramen ovale (PFO) darah kaya oksigen bercampur dengan darah minim oksigen.,"['Topik: Patent Foramen Ovale, Subtopik: Komplikasi Patent Foramen Ovale \n Patent foramen ovale umumnya tidak menimbulkan komplikasi, kecuali jika disertai dengan kondisi lain atau kelainan lain pada struktur jantung. Komplikasi yang dapat terjadi pada penderita PFO adalah:\n- Kekurangan oksigen dalam darah (hipoksemia)\n- Stroke iskemik\n- Serangan jantung\n- Gangguan ginjal\n- Migrain\n- Emboli lemak\n- Emboli udara (pada penyelam)\n- Gangguan katup jantung\n', 'Topik: Patent Foramen Ovale, Subtopik: Pengertian Patent Foramen Ovale \n Patent foramen ovale adalah penyakit jantung bawaan ketika lubang yang terletak di antara serambi kanan dan serambi kiri jantung tidak menutup secara sempurna setelah bayi lahir. Meski jarang bergejala, kondisi ini dapat menyebabkan migrain dan stroke ketika penderita dewasa.\nForamen ovale adalah lubang yang dibutuhkan oleh janin ketika masih di dalam kandungan. Normalnya, lubang ini akan menutup secara alami setelah bayi lahir, karena sudah tidak diperlukan. Patent foramen ovale (PFO) adalah istilah untuk foramen ovale yang tidak menutup setelah bayi lahir.\n\n', 'Topik: Patent Foramen Ovale, Subtopik: Gejala Patent Foramen Ovale \n Patent foramen ovale cukup sering terjadi, yaitu pada 1 dari 4 bayi. Kondisi ini sering kali tidak menimbulkan gejala sehingga tidak disadari oleh penderitanya. Sebagian besar pasien baru menyadari dirinya menderita PFO ketika melakukan pemeriksaan untuk penyakit lain.\nKeluhan yang dapat timbul pada penderita PFO antara lain:\n- Lemah atau mati rasa di lengan atau kaki\n- Migrain atau sakit kepala\n- Nyeri dada\n- Penggumpalan darah\n- Linglung\n- Hilang keseimbangan\n']","Kelainan yang diakomodasi dalam konteks patent foramen ovale (PFO) adalah kekurangan oksigen dalam darah (hipoksemia), stroke iskemik, serangan jantung, gangguan ginjal, migrain, emboli lemak, emboli udara (pada penyelam), dan gangguan katup jantung.","Kelainan penyertaan oval (KPO) atau patent foramen ovale (PFO) biasanya merupakan varian normal dalam pembentukan jantung manusia. Pada kasus ini, sumbat tunggal yang membawa venus pulmonalis ke rahim terbenam dalam membran septum atrial secara alami tidak menutupi celah oval antar dua ruas atrium di bagian belakang dada. Secara infrequent, KPO bisa menyebabkan penyakit jantung dan gejala klinis lainnya, seperti stroke akibat emboli kecil yang masuk melalui celah ini.\n\nKelainan patent foramen ovale biasanya tidak memerlukan pengobatan atau tindakan apa pun selama umur dewasa, khususnya jika orang tersebut bebas dari penyakit jantung lainnya dan gejala klinis. Namun, dalam beberapa kasus di mana KPO disertai penyakit jantung atau stroke, dokter mungkin akan merencanakan pengobatan atau tindakan konseling medik untuk mengurangi resiko gejala yang merugikan.",combination_8,mxbai-embed-large,deepseek-v2,True,0.5
