question,ground_truth,retrieved_contexts,answer,hypothesis,config,embedding_model,llm_model,hyde,answer_relevancy
Bagaimana cara mengobati penyakit bradikardia?,"Pengobatan bradikardia akan disesuaikan dengan tingkat keparahannya dan penyebabnya. Sebagai contoh, jika penyebabnya adalah hipotiroidisme, dokter akan memberikan terapi yang sesuai untuk mengobati kondisi tersebut.\n\nSementara pada bradikardia yang disebabkan oleh penggunaan obat-obatan, dokter akan menurunkan dosis obat, mengganti jenis obat, atau menghentikan pengobatan.\n\nJika metode di atas tidak menunjukkan perbaikan atau kondisi pasien memburuk, dokter mungkin akan menyarankan penggunaan alat pacu jantung. Alat ini ditanam di dalam dada sebagai pengirim sinyal listrik ke jantung. Dengan begitu, detak jantung dapat kembali normal.","['Topik: Bradikardia, Subtopik: Pengobatan Bradikardia \n Pengobatan bradikardia akan disesuaikan dengan tingkat keparahannya dan penyebabnya. Sebagai contoh, jika penyebabnya adalah hipotiroidisme, dokter akan memberikan terapi yang sesuai untuk mengobati kondisi tersebut.\nSementara pada bradikardia yang disebabkan oleh penggunaan obat-obatan, dokter akan menurunkan dosis obat, mengganti jenis obat, atau menghentikan pengobatan.\nJika metode di atas tidak menunjukkan perbaikan atau kondisi pasien memburuk, dokter mungkin akan menyarankan penggunaan alat pacu jantung. Alat ini ditanam di dalam dada sebagai pengirim sinyal listrik ke jantung. Dengan begitu, detak jantung dapat kembali normal.\n', 'Topik: Bradikardia, Subtopik: Pencegahan Bradikardia \n Bradikardia tidak selalu bisa dicegah. Namun, ada beberapa upaya yang dapat dilakukan untuk menurunkan risiko terkena bradikardia, yaitu:\n- Mengonsumsi makanan bergizi seimbang, serta rendah garam dan gula\n- Tidak merokok atau menghentikan kebiasaan merokok\n- Menghindari penggunaan NAPZA\n- Tidak mengonsumsi minuman beralkohol\n- Menjaga berat badan ideal\n\n- Berolahraga secara rutin\n- Mengelola stres dengan baik\nSelain cara-cara di atas, lakukan pemeriksaan tekanan darah, kolesterol, dan kadar gula darah secara berkala ke dokter.\n', 'Topik: Bradikardia, Subtopik: Diagnosis Bradikardia \n Untuk mendiagnosis bradikardia, dokter akan bertanya seputar gejala yang muncul, riwayat penyakit dan obat-obatan yang dikonsumsi pasien. Setelah itu, dokter akan melakukan pemeriksaan fisik, termasuk mengukur tekanan darah dan denyut nadi serta mendengarkan detak jantung pasien menggunakan stetoskop.\nUntuk memastikan diagnosis, dokter akan melakukan pemeriksaan penunjang berikut:\n- Elektrokardiografi (EKG), untuk mengetahui aliran listrik pada jantung. Namun, EKG bisa menunjukkan hasil yang normal jika pada saat pemeriksaan pasien tidak mengalami bradikardia.\n- Holter monitoring, untuk mendeteksi bradikardia yang mungkin terjadi di lain waktu. Alat ini dapat merekam aktivitas listrik pada jantung secara terus-menerus selama 1  2 hari.\n- Event recorder, untuk melihat aliran listrik pada jantung melalui monitor di alat tersebut. Event recorder akan merekam aktivitas listrik jantung ketika muncul gejala. Alat ini umumnya digunakan selama beberapa minggu hingga 1 bulan.\n']","Pengobatan bradikardia akan disesuaikan dengan tingkat keparahannya dan penyebabnya. Sebagai contoh, jika penyebabnya adalah hipotiroidisme, dokter akan memberikan terapi yang sesuai untuk mengobati kondisi tersebut.\n\nSementara pada bradikardia yang disebabkan oleh penggunaan obat-obatan, dokter akan menurunkan dosis obat, mengganti jenis obat, atau menghentikan pengobatan.\n\nJika metode di atas tidak menunjukkan perbaikan atau kondisi pasien memburuk, dokter mungkin akan menyarankan penggunaan alat pacu jantung. Alat ini ditanam di dalam dada sebagai pengirim sinyal listrik ke jantung. Dengan begitu, detak jantung dapat kembali normal.\n\nPengobatan bradikardia yang efektif akan disesuaikan dengan penyebabnya dan kondisi pasien. Dokter akan bekerja sama dengan pasien untuk menemukan metode pengobatan terbaik sesuai dengan kebutuhan dan kondisi pasien.",None,combination_1,nomic-embed-text,llama3.1,False,0.0
Apa saja gejala hipertensi?,Gejala yang dapat muncul pada kondisi tersebut adalah:\n\nMual dan muntah\nSakit kepala\nMimisan\nSesak napas\nNyeri dada\nGangguan penglihatan\nTelinga berdenging\nGangguan irama jantung\nDarah dalam urine,"['Topik: Hipertensi, Subtopik: Gejala Hipertensi \n Hipertensi merupakan penyakit yang berbahaya, karena bisa terjadi tanpa gejala. Bahkan, pada beberapa kasus, gejalanya baru muncul setelah hipertensi makin parah dan sampai mengancam nyawa. Gejala yang dapat muncul pada kondisi tersebut adalah:\n- Mual dan muntah\n- Sakit kepala\n- Mimisan\n- Sesak napas\n- Nyeri dada\n- Gangguan penglihatan\n- Telinga berdenging\n- Gangguan irama jantung\n- Darah dalam urine\n', 'Topik: Hipertensi, Subtopik: Gejala Hipertensi: Kapan Harus ke Dokter \n Pada beberapa kasus, hipertensi dapat menjadi kondisi gawat darurat yang membutuhkan penanganan dengan segera. Hal ini terjadi ketika tekanan darah naik dengan cepat dan terlalu tinggi.\nSegera ke dokter jika tekanan darah Anda telah mencapai angka 180/120 atau lebih. Anda juga perlu segera ke dokter jika mengalami gejala yang dapat menjadi pertanda kerusakan organ, yaitu:\n- Sesak napas\n- Nyeri dada\n- Sulit berbicara\n- Sakit kepala yang parah\n- Mati rasa\n- Lemas\n- Gangguan penglihatan\n', 'Topik: Hipertensi, Subtopik: Pengertian Hipertensi \n Hipertensi atau darah tinggi adalah kondisi ketika tekanan darah berada pada angka 130/80 mmHg atau lebih. Jika tidak segera ditangani, hipertensi bisa menyebabkan komplikasi serius, seperti gagal jantung, penyakit ginjal, hingga stroke.\nTekanan darah dinyatakan dalam dua nilai angka yang dipisahkan dengan garis miring atau yang biasanya disebut  per  . Angka di awal, yaitu di sebelah kiri garis miring menandakan tekanan sistolik. Ini adalah tekanan di dalam pembuluh darah ketika jantung berkontraksi untuk memompa darah keluar dari jantung.\n\nAngka di akhir yang berada setelah garis miring menandakan tekanan diastolik, yaitu tekanan darah saat jantung berelaksasi dan menyedot atau menerima darah masuk kembali ke dalam jantung.\nPada kondisi normal, tekanan darah orang dewasa adalah 120/80 mmHg. Artinya, tekanan sistoliknya adalah 120 mmHg dan diastoliknya 80 mmHG.\nTekanan darah tinggi yang terjadi terus-menerus dapat membuat jantung bekerja lebih keras untuk memompa darah ke seluruh tubuh. Kondisi ini lama-kelamaan bisa membuat jantung membesar, merusak pembuluh darah, dan membuat ginjal tidak bisa bekerja dengan baik.\nOleh karena itu, hipertensi perlu segera ditangani. Setelah tekanan darah kembali normal pun, perlu terus dilakukan pemantauan dan bahkan penggunaan obat rutin agar tekanan darah selalu terkontrol.\n']","Gejala hipertensi dapat bervariasi tergantung pada individu dan kondisi kesehatan mereka. Namun, beberapa gejala umum yang mungkin dialami oleh orang dengan hipertensi adalah:\n\n1.  Mual dan muntah: Tekanan darah tinggi dapat menyebabkan perubahan dalam sistem saraf otak yang dapat menyebabkan gejala seperti mual dan muntah.\n2.  Sakit kepala: Hipertensi dapat menyebabkan tekanan pada pembuluh darah di otak, yang dapat menyebabkan sakit kepala.\n3.  Mimisan: Tekanan darah tinggi dapat menyebabkan perubahan dalam sistem vaskular yang dapat menyebabkan gejala seperti mimisan.\n4.  Sesak napas: Hipertensi dapat menyebabkan kerusakan pada jantung dan paru-paru, yang dapat menyebabkan gejala seperti sesak napas.\n5.  Nyeri dada: Tekanan darah tinggi dapat menyebabkan perubahan dalam sistem kardiovaskular yang dapat menyebabkan gejala seperti nyeri dada.\n6.  Gangguan penglihatan: Hipertensi dapat menyebabkan kerusakan pada pembuluh darah di mata, yang dapat menyebabkan gejala seperti gangguan penglihatan.\n7.  Telinga berdenging: Tekanan darah tinggi dapat menyebabkan perubahan dalam sistem saraf otak yang dapat menyebabkan gejala seperti telinga berdenging.\n8.  Gangguan irama jantung: Hipertensi dapat menyebabkan kerusakan pada jantung, yang dapat menyebabkan gejala seperti gangguan irama jantung.\n9.  Darah dalam urine: Tekanan darah tinggi dapat menyebabkan perubahan dalam sistem ginjal yang dapat menyebabkan gejala seperti darah dalam urine.\n\nPerlu diingat bahwa beberapa orang mungkin tidak menunjukkan gejala-gejala ini, dan hipertensi dapat terjadi tanpa gejala apa pun. Oleh karena itu, sangat penting untuk melakukan pemeriksaan tekanan darah secara teratur untuk mendeteksi kondisi ini sebelumnya.",None,combination_1,nomic-embed-text,llama3.1,False,0.0
Bagaimana pengobatan terhadap seseorang yang mengalami perikarditis yang tergolong parah?,"Penderita perikarditis yang tergolong parah dan mengalami komplikasi perlu dirawat di rumah sakit. Beberapa tindakan yang dapat dilakukan dokter untuk mengatasi kondisi ini adalah:\n\nPericardiocentesis\nPericardiocentesis dilakukan untuk mengeluarkan timbunan cairan dari ruang perikardium. Pada prosedur ini, dokter akan menyedot cairan menggunakan jarum dan selang kecil.\nPericardiectomy\nOperasi ini perlu dilakukan bila perikardium mengalami Pericardiectomy bertujuan untuk mengambil bagian yang kaku tersebut sehingga pompa jantung dapat kembali normal.","['Topik: Perikarditis, Subtopik: Pengobatan Perikarditis \n Penderita perikarditis ringan bisa sembuh dengan beristirahat dan mengonsumsi obat-obat pereda nyeri. Namun, selama masa penyembuhan, penderita perlu menghindari aktivitas fisik yang berlebihan karena dapat memicu kekambuhan.\nDi samping obat pereda nyeri, dokter juga mungkin akan memberikan:\n- Obat antiinflamasi nonsteroid (OAINS) \nObat antiinflamasi nonsteroid berfungsi untuk mengurangi peradangan di perikardium dan meredakan nyeri dada. Obat yang dapat diberikan adalah ibuprofen dan aspirin.\n- Colchicine\nColchicine berfungsi untuk mengurangi peradangan dengan cara membunuh sel radang Obat ini dapat dikombinasikan dengan OAINS atau diberikan sebagai alternatif dari OAINS.\n- Kortikosteroid\nObat kortikosteroid hanya diberikan apabila perikarditis tidak membaik dengan OAINS dan colchicine. Salah satu contohnya adalah prednisone.\n- Antibiotik\nObat antibiotik hanya diberikan jika perikarditis disebabkan oleh infeksi bakteri.\nPenderita perikarditis yang tergolong parah dan mengalami komplikasi perlu dirawat di rumah sakit. Beberapa tindakan yang dapat dilakukan dokter untuk mengatasi kondisi ini adalah:\n- Pericardiocentesis\nPericardiocentesis dilakukan untuk mengeluarkan timbunan cairan dari ruang perikardium. Pada prosedur ini, dokter akan menyedot cairan menggunakan jarum dan selang kecil.\n- Pericardiectomy\nOperasi ini perlu dilakukan bila perikardium mengalami Pericardiectomy bertujuan untuk mengambil bagian yang kaku tersebut sehingga pompa jantung dapat kembali normal.\n', 'Topik: Perikarditis, Subtopik: Gejala Perikarditis: Kapan harus ke dokter \n Gejala perikarditis mirip dengan penyakit paru-paru dan penyakit jantung lain. Oleh karena itu, jika Anda mengalami gejala-gejala di atas, segera pergi ke dokter agar diperiksa dan ditangani dengan tepat.\nSegera ke dokter jika dada terasa nyeri seperti ditusuk-tusuk dan gejalanya makin parah ketika menarik napas atau berbaring, terutama bila gejala muncul setelah terserang infeksi virus, seperti flu atau sakit tenggorokan.\n', 'Topik: Perikarditis, Subtopik: Pencegahan Perikarditis \n Sebenarnya, tidak ada cara pasti untuk mencegah perikarditis. Akan tetapi, cara-cara berikut dapat mengurangi risiko penyakit tersebut, yaitu:\n- Rutin mencuci tangan dengan air mengalir dan sabun\n- Selalu menjaga kebersihan diri, rumah, dan lingkungan sekitar\n- Menghindari kontak dengan orang-orang yang sedang sakit\n- Menjalani vaksinasi COVID-19, rubella, dan influenza, sesuai saran dokter\n']","Pengobatan terhadap seseorang yang mengalami perikarditis yang tergolong parah meliputi beberapa langkah khusus untuk mengatasi penyakit dan mencegah komplikasinya. Berikut adalah beberapa cara pengobatan yang dapat dilakukan:\n\n1. Obat-obatan pereda nyeri, seperti obat antiinflamasi nonsteroid (OAINS) atau ibuprofen, seringkali digunakan untuk mengurangi rasa nyeri dada penderita perikarditis.\n2. Colchicine, yaitu obat yang berfungsi mempercepat proses penyembuhan dan mengurangi peradangan di dalam tubuh, juga seringkali diberikan kepada pasien dengan perikarditis parah untuk menekan respon radang.\n3. Obat kortikosteroid seperti prednisolon atau dexamethasone, yang biasanya digunakan jika obat anti-inflamasi dan colchicine tidak cukup efektif dalam mengurangi gejala perikarditis, seringkali diberikan pada kasus parah.\n4. Dalam beberapa kasus, dokter mungkin melakukan prosedur medis untuk menyingkirkan cairan atau zat yang membahayakan di ruang perikardium, seperti pericardiocentesis atau operasi pericardiectomy.\n5. Penderita parah dengan komplikasi perikarditis mungkin juga akan mendapatkan terapi keseluruhan yang lebih lengkap termasuk penggunaan infeksi antibiotik jika penyebabnya infeksi bakteri.\n6. Penyusunan pola makan sehat dan menghindari obat-obatan secara manual juga sangat penting untuk mencegah terjadinya infeksi atau gangguan lain yang dapat memperparah kondisi perikarditis.\n\nPenting untuk diingat bahwa setiap pasien pasti berbeda, dan tindakan pengobatan harus disesuaikan sesuai dengan gejala, komplikasi, serta penyebab yang dialami oleh masing-masing individu. Oleh karena itu, segera berkonsultasi dengan dokter untuk mendapatkan pengobatan dan narasumberan yang tepat adalah kunci dalam mengatasi perikarditis parah.",None,combination_2,nomic-embed-text,deepseek-v2,False,0.0
Apa penyebab dari penyakit sindrom eisenmenger?,"Pada penderita sindrom Eisenmenger, terdapat lubang di jantung, tepatnya di antara ruang jantung. Kondisi ini menyebabkan darah dari ruang kiri jantung mengalir ke ruang kanan jantung dan tekanan darah paru-paru meningkat (hipertensi pulmonal).\n\nSindrom Eisenmenger atau Eisenmenger syndrome terjadi akibat kelainan jantung bawaan, seperti:\n\nAtrioventricular canal defect, yaitu lubang besar di tengah yang menyebabkan semua ruang jantung menyatu\nVentricular septal defect, yaitu lubang di septum ventrikel\nAtrial septal defect, yaitu lubang pada septum atrium\nPatent ductus arteriosus","['Topik: Sindrom Eisenmenger, Subtopik: Penyebab Sindrom Eisenmenger \n Jantung manusia terdiri dari empat ruang, yaitu dua serambi (atrium) dan dua bilik (ventrikel) yang dipisahkan oleh sekat jantung, serta empat katup jantung.\nRuang kiri jantung berisi darah yang kaya oksigen (darah bersih) untuk dipompa ke seluruh tubuh. Sementara ruang kanan jantung berisi darah yang minim oksigen (darah kotor), untuk dibawa ke paru-paru dan diperkaya dengan oksigen.\nPada penderita sindrom Eisenmenger, terdapat lubang di jantung, tepatnya di antara ruang jantung. Kondisi ini menyebabkan darah dari ruang kiri jantung mengalir ke ruang kanan jantung dan tekanan darah paru-paru meningkat (hipertensi pulmonal).\nSindrom Eisenmenger atau Eisenmenger syndrome terjadi akibat kelainan jantung bawaan, seperti:\n- Atrioventricular canal defect, yaitu lubang besar di tengah yang menyebabkan semua ruang jantung menyatu\n- Ventricular septal defect, yaitu lubang di septum ventrikel\n- Atrial septal defect, yaitu lubang pada septum atrium\n- Patent ductus arteriosus\n', 'Topik: Sindrom Eisenmenger, Subtopik: Pengertian Sindrom Eisenmenger \n Sindrom Eisenmenger adalah kelainan jantung bawaan yang mengakibatkan bercampurnya darah kaya oksigen dengan darah minim oksigen. Kondisi ini menyebabkan penderitanya mudah lelah dan kulitnya membiru.\nBercampurnya darah kaya oksigen dengan darah minim oksigen paling sering terjadi akibat adanya lubang di sekat jantung. Akibatnya, darah yang seharusnya dipompa ke seluruh tubuh malah kembali ke paru-paru.\n\nKondisi tersebut menyebabkan tekanan di pembuluh darah paru-paru meningkat dan meningkatkan risiko terjadinya gagal jantung.\n', 'Topik: Sindrom Eisenmenger, Subtopik: Gejala Sindrom Eisenmenger \n Gejala sindrom Eisenmenger tergantung pada penyebab dan usia penderitanya. Pada bayi baru lahir, tanda yang dapat terlihat adalah napas yang cepat, mudah lelah saat menyusu, kulit membiru ketika menangis, dan berat badan sulit naik.\nSementara pada anak-anak, gejala yang muncul adalah berat badan sulit naik dan sering sesak napas saat beraktivitas. Sedangkan pada penderita usia remaja atau dewasa, sindrom Eisenmenger dapat menimbulkan gejala, seperti:\n- Kulit, bibir, jari-jari tangan dan kaki berwarna kebiruan (sianosis)\n- Jari-jari tangan atau kaki menjadi lebar dan gempal (clubbing finger)\n- Kesemutan atau mati rasa pada jari kaki atau tangan\n- Pusing atau sakit kepala\n- Batuk berdarah\n- Kaki bengkak\n- Mudah lelah\n- Jantung berdebar\n- Nyeri dada\n- Sesak napas makin parah\n- Sering pingsan\n']","Penyebab Sindrom Eisenmenger terjadi akibat kelainan jantung bawaan, seperti atrioventricular canal defect (lubang besar di tengah menyebabkan semua ruang jantung menyatu), ventricular septal defect (lubang di septum ventrikel), atrial septal defect (lubang pada septum atrium), dan patent ductus arteriosus. Kelainan ini membuat darah dari ruang kiri jantung mengalir ke ruang kanan jantung, serta tekanan darah paru-paru meningkat (hipertensi pulmonal).\n\nDalam konteks yang diberikan, penyebab sindrom Eisenmenger tidak ditunjukkan secara eksplisit pada setiap kasus. Namun, umumnya disebabkan oleh adanya lubang di sekat jantung atau kelainan lain dalam sistem jantung yang membuat aliran darah antar ruang jantung terganggu dan menyebabkan darah dari ruang kiri mengalir ke ruang kanan, serta tekanan darah paru-paru meningkat.",None,combination_2,nomic-embed-text,deepseek-v2,False,0.0
Apa penyebab penyakit aterosklerosis?,"Penyebab pasti aterosklerosis belum diketahui, tetapi penyakit ini dimulai ketika terjadi kerusakan atau cedera di lapisan dalam arteri. Kerusakan tersebut dapat disebabkan oleh:\n\nKolesterol tinggi\nTekanan darah tinggi\nDiabetes\nPeradangan akibat penyakit tertentu, seperti lupus\nObesitas\nKebiasaan merokok","['Topik: Aterosklerosis, Subtopik: Penyebab Aterosklerosis \n Penyebab pasti aterosklerosis belum diketahui, tetapi penyakit ini dimulai ketika terjadi kerusakan atau cedera di lapisan dalam arteri. Kerusakan tersebut dapat disebabkan oleh:\n- Kolesterol tinggi\n- Tekanan darah tinggi\n- Diabetes\n- Peradangan akibat penyakit tertentu, seperti lupus\n\n- Obesitas\n- Kebiasaan merokok\nSaat lapisan dalam arteri rusak, lemak serta zat lain menjadi mudah menempel dan menggumpal di sana. Seiring berjalannya waktu, gumpalan atau plak ini terus menumpuk dan mengeras sehingga pembuluh darah arteri menyempit dan kaku.\nPenyempitan pembuluh darah akan menghambat suplai oksigen serta nutrisi ke organ-organ tubuh. Hal ini membuat fungsi organ tersebut menurun, bahkan terhenti, tergantung seberapa parah penyempitan yang terjadi.\nPerkembangan aterosklerosis hingga menimbulkan gejala sangat lambat, bahkan bisa sampai puluhan tahun. Namun, kondisi di bawah ini dapat membuat seseorang lebih berisiko atau lebih cepat mengalami aterosklerosis:\n- Usia di atas 40 atau 50 tahun\n- Pola hidup yang tidak sehat, seperti malas bergerak atau jarang berolahraga\n- Pola makan tidak sehat dan sering mengonsumsi minuman beralkohol\n- Stres berkepanjangan\n- Riwayat aterosklerosis pada keluarga\n', 'Topik: Aterosklerosis, Subtopik: Pengertian Aterosklerosis \n Atherosclerosis atau aterosklerosis adalah penyempitan dan pengerasan pembuluh darah arteri akibat penumpukan plak di dinding pembuluh darah. Kondisi ini merupakan penyebab umum penyakit jantung koroner (atherosclerosis heart disease).\nArteri adalah pembuluh darah pembawa oksigen serta nutrisi dari dan ke jantung, juga ke seluruh organ lain. Tersumbatnya arteri akibat penumpukan plak kolesterol akan menghambat aliran darah ke organ-organ tubuh.\n\nPada awalnya, aterosklerosis tidak menimbulkan gejala apa pun. Gejala baru muncul ketika aliran darah ke organ atau jaringan tubuh terhambat. Proses penumpukan plak sampai gejala aterosklerosis timbul bisa memakan waktu hingga bertahun-tahun.\n', 'Topik: Aterosklerosis, Subtopik: Gejala dan Komplikasi Aterosklerosis \n terosklerosis awalnya tidak menimbulkan gejala, sampai pembuluh darah arteri sudah sangat menyempit bahkan tertutup Akibatnya, pembuluh arteri tidak lagi dapat menyalurkan darah dalam jumlah cukup ke organ-organ tubuh.\nKarena gejalanya baru muncul setelah bertahun-tahun, banyak orang yang tidak menyadari bahwa dirinya menderita aterosklerosis sampai muncul komplikasi. Komplikasi yang muncul bisa beragam, tergantung lokasi terjadinya aterosklerosis, antara lain:\nAterosklerosis di jantung bisa menyebabkan penyakit jantung koroner dan serangan jantung. Kedua gangguan tersebut memiliki sejumlah gejala yang serupa, yaitu:\n- Nyeri dada seperti ditekan atau diremas (angina)\n- Nyeri atau tekanan pada pundak, lengan, rahang, atau punggung\n- Gangguan irama jantung (aritmia)\n- Sesak napas, berkeringat, dan gelisah\nAterosklerosis di kaki atau lengan bisa menyebabkan penyakit arteri perifer. Gangguan ini ditandai dengan gejala berikut:\n- Nyeri, kram, hingga mati rasa di area lengan atau tungkai\n- Nyeri saat berjalan dan mereda setelah beristirahat (klaudikasio intermiten)\n- Tungkai bagian bawah terasa dingin\n- Luka di jempol, telapak, atau kaki yang tidak kunjung sembuh\nBila terjadi pada pembuluh darah di otak, aterosklerosis bisa menyebabkan stroke, yang ditandai dengan gejala berupa:\n- Mati rasa hingga lumpuh pada salah satu sisi wajah, lengan, atau tungkai\n- Kebingungan dan sulit untuk dapat berbicara dengan jelas\n- Kehilangan penglihatan pada salah satu mata atau kedua mata\n- Kehilangan koordinasi dan keseimbangan\n- Pusing dan sakit kepala berat\n- Sulit bernapas dan kehilangan kesadaran\n\nPenumpukan plak pada pembuluh arteri di ginjal dapat menyebabkan gagal ginjal. Gangguan ini bisa dikenali dari sejumlah gejala, seperti:\n- Jarang buang air kecil\n- Mual yang terasa terus menerus\n- Tubuh terasa sangat lelah dan sering mengantuk\n- Tungkai membengkak\n- Bingung dan sulit berkonsentrasi\n- Sesak napas dan dada terasa nyeri\nSegera periksakan diri ke dokter jika mengalami gejala yang telah disebutkan di atas. Anda juga perlu segera ke IGD bila mengalami gejala serangan jantung atau stroke. Kedua kondisi tersebut harus segera ditangani, karena bisa berakibat fatal bila menunggu lama.\nJika Anda menderita diabetes atau hipertensi, lakukan kontrol rutin ke dokter untuk memantau kondisi penyakitnya dan mencegah kemungkinan komplikasi aterosklerosis.\nBila Anda perokok, berusahalah untuk menghentikan kebiasaan tersebut. Merokok tidak hanya bisa menyebabkan aterosklerosis, tetapi juga penyakit lain. Jika berhenti merokok dirasa sangat sulit, pergilah ke dokter untuk mengikuti program berhenti merokok.\n']","Penyebab pasti aterosklerosis belum diketahui, tetapi penyakit ini dimulai ketika terjadi kerusakan atau cedera di lapisan dalam arteri. Kerusakan tersebut dapat disebabkan oleh beberapa faktor antara lain: \n\n- Kolesterol tinggi\n- Tekanan darah tinggi\n- Diabetes \n- Peradangan akibat penyakit tertentu, seperti lupus\n\n- Obesitas\n- Kebiasaan merokok",None,combination_3,mxbai-embed-large,llama3.1,False,0.0
Apa gejala penyakit ventrikel takikardi?,"Ada beberapa gejala yang menandakan ventrikel takikardi, antara lain:\n\nJantung berdebar yang membuat penderitanya merasa tidak nyaman\nSesak napas\nNyeri atau rasa tertekan di dada\nPening atau terasa melayang\nPenurunan kesadaran\n\nVentrikel takikardi perlu diwaspadai karena dapat berkembang menjadi ventrikel fibrilasi, yaitu suatu kondisi yang berbahaya dan bisa menyebabkan kematian.","['Topik: Ventrikel Takikardi, Subtopik: Gejala Ventrikel Takikardi \n Ada beberapa gejala yang menandakan ventrikel takikardi, antara lain:\n- Jantung berdebar yang membuat penderitanya merasa tidak nyaman\n- Sesak napas\n- Nyeri atau rasa tertekan di dada\n- Pening atau terasa melayang\n- Penurunan kesadaran\nVentrikel takikardi perlu diwaspadai karena dapat berkembang menjadi ventrikel fibrilasi, yaitu suatu kondisi yang berbahaya dan bisa menyebabkan kematian.\n', 'Topik: Ventrikel Takikardi, Subtopik: Gejala Ventrikel Takikardi: Kapan harus ke dokter \n Ventrikel takikardi harus segera ditangani. Oleh sebab itu, jika Anda merasakan gejala-gejala di atas, hubungi dokter secepatnya.\nJika Anda melihat orang yang kehilangan kesadaran, tidak memililiki denyut nadi dan tidak bernapas, segera cari pertolongan medis atau minta bantuan orang sekitar, serta lakukan CPR kepada orang tersebut jika Anda mampu.\nBila tersedia alat kejut jantung otomatis atau Automatic External Defibrillator (AED), gunakan alat tersebut untuk mengetahui irama jantung penderita. Setelah itu, ikuti petunjuk dari alat AED. Lakukan hal tersebut hingga bantuan medis datang.\n', 'Topik: Ventrikel Takikardi, Subtopik: Pengertian Ventrikel Takikardi \n Ventricular tachycardia atau ventrikel takikardi adalah kondisi ketika ventrikel (bilik) jantung berdetak terlalu cepat. Hal ini terjadi akibat gangguan pada aliran listrik jantung yang penyebabnya bervariasi.\nVentrikel takikardi terjadi saat bilik atau ruangan bawah jantung berdetak terlalu cepat dan tidak sinkron dengan gerakan serambi (atrium) jantung. Akibatnya, jantung tidak dapat memompa darah secara efektif. Kondisi ini menyebabkan tubuh kekurangan oksigen.\n\n']","Gejala-gejala dari penyakit ventrikel takikardi adalah sebagai berikut:\n\n1.  Jantung berdebar yang membuat penderitanya merasa tidak nyaman.\n2.  Sesak napas.\n3.  Nyeri atau rasa tertekan di dada.\n4.  Pening atau terasa melayang.\n5.  Penurunan kesadaran.\n\nGejala-gejala tersebut dapat berbeda-beda pada setiap orang, dan beberapa penderita tidak menunjukkan gejala sama sekali.",None,combination_3,mxbai-embed-large,llama3.1,False,0.0
Apa kelainan kondisi pada jantung seseorang yang mengalami takikardia?,"Takikardia adalah kondisi jantung yang berdetak melebihi 100 kali per menit. Normalnya, jantung berdetak 60â€“100 kali per menit. Jika detak jantung lebih dari 100 kali per menit, kondisi ini disebut takikardia.\n\nDetak jantung yang terlalu cepat dapat menyebabkan aliran darah yang masuk ke jantung berkurang. Kondisi ini membuat jantung tidak memiliki cukup darah untuk dialirkan ke seluruh tubuh. Akibatnya, organ dan jaringan yang tidak dialiri darah menjadi kekurangan oksigen.","['Topik: Takikardia, Subtopik: Pengertian Takikardia \n Takikardia adalah kondisi jantung yang berdetak melebihi 100 kali per menit. Takikardia dapat terjadi sebagai respons dari kondisi normal, penyakit, atau gangguan irama jantung (aritmia).\nNormalnya, jantung berdetak 60  100 kali per menit. Jika detak jantung lebih dari 100 kali per menit, kondisi ini disebut takikardia.\n\nTakikardia terbagi dua, yaitu takikardia sinus dan aritmia. Takikardia sinus bisa terjadi ketika seseorang sedang berolahraga. Kondisi ini juga dapat terjadi sebagai respons tubuh terhadap stres, trauma, atau penyakit. Sementara aritmia terjadi akibat gangguan pada serambi atau bilik jantung sehingga detak jantung menjadi lebih cepat.\nTakikardia umumnya tidak menimbulkan gejala atau komplikasi. Namun, kondisi ini dapat mengganggu fungsi jantung jika dibiarkan tidak tertangani. Akibatnya, penderita bisa mengalami gagal jantung, stroke, serangan jantung mendadak, bahkan kematian.\n', 'Topik: Takikardia, Subtopik: Pengertian Takikardia \n Normalnya, jantung berdetak 60  100 kali per menit. Jika detak jantung lebih dari 100 kali per menit, kondisi ini disebut takikardia.\n\nTakikardia terbagi dua, yaitu takikardia sinus dan aritmia. Takikardia sinus bisa terjadi ketika seseorang sedang berolahraga. Kondisi ini juga dapat terjadi sebagai respons tubuh terhadap stres, trauma, atau penyakit. Sementara aritmia terjadi akibat gangguan pada serambi atau bilik jantung sehingga detak jantung menjadi lebih cepat.\nTakikardia umumnya tidak menimbulkan gejala atau komplikasi. Namun, kondisi ini dapat mengganggu fungsi jantung jika dibiarkan tidak tertangani. Akibatnya, penderita bisa mengalami gagal jantung, stroke, serangan jantung mendadak, bahkan kematian.\n', 'Topik: Takikardia, Subtopik: Pengobatan Takikardia \n Pengobatan takikardia bertujuan untuk menurunkan detak jantung yang cepat, mencegah kekambuhan dan komplikasi, serta mengatasi penyebab takikardia.\nBagi penderita yang mengalami takikardia sinus, dokter akan menangani penyebabnya. Jika penyebabnya adalah stres, dokter akan meminta pasien untuk memperbaiki gaya hidup sehingga stres bisa mereda. Sementara jika penyebabnya adalah kondisi medis, dokter akan memberikan pengobatan sesuai kondisi pasien.\nPada pasien takikardia supaventrikuler, dokter akan menganjurkan untuk beristirahat yang cukup, mengurangi konsumsi minuman beralkohol atau berkafein, dan berhenti merokok.\nSementara itu, bagi penderita takikardia yang disertai dengan gangguan irama jantung (aritmia), ada beberapa penanganan yang dapat dilakukan, yaitu:\n']","Kelainan kondisi pada jantung seseorang yang mengalami takikardia tidak terdapat secara eksplisit dalam konteks yang diberikan. Namun, kesimpulannya adalah bahwa takikardia merupakan suatu kondisi di mana detak jantung melebihi 100 kali per menit, sebaliknya normalnya berada pada rentang 60 hingga 100 kali per menit.\n\nDalam konteks ini, takikardia terbagi dua yaitu takikardia sinus dan aritmia. Takikardia sinus bisa terjadi ketika seseorang sedang berolahraga atau saat mengalami stres, trauma, penyakit lainnya. Aritmia adalah gangguan pada serambi atau bilik jantung sehingga detak jantung menjadi lebih cepat.\n\nTakikardia umumnya tidak menimbulkan gejala atau komplikasi, tetapi bisa mengganggu fungsi jantung apabila tidak terobati. Akibatnya, penderita mungkin mengalami gagal jantung, stroke, serangan jantung mendadak, bahkan kematian.\n\nUntuk penyebab takikardia sinus dan aritmia yang disertai dengan komplikasi seperti itu, dokter akan menangani penyebabnya masing-masing sesuai dengan gejala atau kondisi pasien. Pengobatan takikardia bertujuan untuk menurunkan detak jantung cepat, mengatasi kekambuhan dan komplikasinya serta memperbaiki penyebabnya.",None,combination_4,mxbai-embed-large,deepseek-v2,False,0.0
Apa gejala dari penyakit kardiomiopati?,"Kardiomiopati atau lemah jantung pada awalnya jarang menimbulkan gejala. Gejalanya akan muncul dan berkembang seiring dengan menurunnya kerja jantung dalam memompa darah.\n\nBeberapa gejala yang bisa muncul adalah:\n\nNapas pendek, terutama setelah melakukan aktivitas fisik yang berat\nTungkai membengkak (edema tungkai)\nBatuk terutama saat tidur telentang\nTubuh mudah lelah\nPerut kembung\nNyeri dada\nPenglihatan berkunang-kunang\nJantung berdebar-debar (palpitasi)\nDenyut jantung tidak teratur (aritmia)\nPusing dan pingsan","['Topik: Kardiomiopati, Subtopik: Gejala Kardiomiopati \n Kardiomiopati atau lemah jantung pada awalnya jarang menimbulkan gejala. Gejalanya akan muncul dan berkembang seiring dengan menurunnya kerja jantung dalam memompa darah.\nBeberapa gejala yang bisa muncul adalah:\n- Napas pendek, terutama setelah melakukan aktivitas fisik yang berat\n- Tungkai membengkak (edema tungkai)\n- Batuk terutama saat tidur telentang\n- Tubuh mudah lelah\n- Perut kembung\n- Nyeri dada\n- Penglihatan berkunang-kunang\n- Jantung berdebar-debar (palpitasi)\n- Denyut jantung tidak teratur (aritmia)\n- Pusing dan pingsan\n\n', 'Topik: Kardiomiopati, Subtopik: Pengertian Kardiomiopati \n Kardiomiopati adalah penyakit akibat kelainan di otot jantung. Penyakit ini ditandai dengan melemahnya kemampuan jantung untuk memompa darah. Gejala kardiomiopati bisa bervariasi, mulai dari tubuh mudah lelah, napas pendek, pusing, hingga nyeri dada.\nPenyebab kardiomiopati sering kali tidak diketahui dengan pasti. Namun, kondisi ini bisa terkait dengan kelainan genetik atau penyakit tertentu. Penyakit yang sering memicu terjadinya kardiomiopati pada orang dewasa adalah hipertensi kronis, yaitu tekanan darah tinggi yang sudah berlangsung lama.\n\n', 'Topik: Kardiomiopati, Subtopik: Gejala Kardiomiopati: Kapan harus ke dokter \n Lakukan pemeriksaan ke dokter jika Anda mengalami gejala seperti yang telah disebutkan di atas. Jika Anda merasakan keluhan sulit bernapas, nyeri dada, sakit kepala, atau seperti akan pingsan, segera pergi ke IGD rumah sakit terdekat untuk mendapatkan pertolongan gawat darurat.\nJika Anda memiliki faktor yang bisa meningkatkan risiko terkena kardiomiopati, seperti hipertensi, lakukan pemeriksaan berkala ke dokter untuk mencegah terjadinya kardiomiopati.\n']","Gejala kardiomiopati bisa bervariasi dan seringkali mirip dengan gejala biasa saat rekam medis. Namun, ada beberapa gejala khusus yang mungkin terkait dengan penyakit ini, seperti:\n\n1. Napas pendek, terutama setelah melakukan aktivitas fisik yang berat.\n2. Tungkai membengkak (edema tungkai), kadang-kadang disertai gatalan pada bagian tungkai atau leher.\n3. Batuk terutama saat tidur telentang, seringkali dengan nyeri dada yang ringan.\n4. Tubuh mudah lelah, bahkan dalam aktivitas ringan.\n5. Perut kembung dan makin besar.\n6. Nyeri dada, terutama saat beraktivitas fisik atau bila meminum makan.\n7. Penglihatan berkunang-kunang, seperti menjatuhkan pandangan atau melihat gatal pada waktu bereda.\n8. Jantung berdebar-debar (palpitasi) atau detak jantung yang tidak teratur (aritmia).\n9. Pusing dan pingsan, bahkan dalam keadaan istirahat.\n\nGejala ini bisa menandai penyakit kardiomiopati, tetapi seringkali gejala-gejala ini sulit untuk dideteksi oleh orang lain selain pasien sendiri dan dokter. Jika Anda atau seseorang yang kamu cintai mengalami salah satu dari gejala tersebut, segera pergi ke dokter untuk mendapatkan pemeriksaan medis dan rencana pasien kesehatan.",None,combination_4,mxbai-embed-large,deepseek-v2,False,0.0
Apa gejala pada seseorang yang menderita penyakit Patent Foramen Ovale?,"Patent foramen ovale cukup sering terjadi, yaitu pada 1 dari 4 bayi. Kondisi ini sering kali tidak menimbulkan gejala sehingga tidak disadari oleh penderitanya. Sebagian besar pasien baru menyadari dirinya menderita PFO ketika melakukan pemeriksaan untuk penyakit lain.\n\nKeluhan yang dapat timbul pada penderita PFO antara lain:\n\nLemah atau mati rasa di lengan atau kaki\nMigrain atau sakit kepala\nNyeri dada\nPenggumpalan darah\nLinglung\nHilang keseimbangan","['Topik: Patent Foramen Ovale, Subtopik: Gejala Patent Foramen Ovale \n Patent foramen ovale cukup sering terjadi, yaitu pada 1 dari 4 bayi. Kondisi ini sering kali tidak menimbulkan gejala sehingga tidak disadari oleh penderitanya. Sebagian besar pasien baru menyadari dirinya menderita PFO ketika melakukan pemeriksaan untuk penyakit lain.\nKeluhan yang dapat timbul pada penderita PFO antara lain:\n- Lemah atau mati rasa di lengan atau kaki\n- Migrain atau sakit kepala\n- Nyeri dada\n- Penggumpalan darah\n- Linglung\n- Hilang keseimbangan\n', 'Topik: Patent Foramen Ovale, Subtopik: Pengertian Patent Foramen Ovale \n Patent foramen ovale adalah penyakit jantung bawaan ketika lubang yang terletak di antara serambi kanan dan serambi kiri jantung tidak menutup secara sempurna setelah bayi lahir. Meski jarang bergejala, kondisi ini dapat menyebabkan migrain dan stroke ketika penderita dewasa.\nForamen ovale adalah lubang yang dibutuhkan oleh janin ketika masih di dalam kandungan. Normalnya, lubang ini akan menutup secara alami setelah bayi lahir, karena sudah tidak diperlukan. Patent foramen ovale (PFO) adalah istilah untuk foramen ovale yang tidak menutup setelah bayi lahir.\n\n', 'Topik: Patent Foramen Ovale, Subtopik: Pengobatan Patent Foramen Ovale \n Sebagian besar patent foramen ovale tidak membutuhkan penanganan medis secara khusus. Obat hanya diberikan kepada penderita yang mengalami stroke dan penyakit jantung. Dokter juga akan memberikan obat pengencer darah, seperti clopidogrel atau warfarin, untuk mencegah penggumpalan darah di jantung,.\nJika PFO menimbulkan gejala dan menyebabkan kadar oksigen dalam darah rendah (hipoksemia), dokter akan menyarankan pasien untuk menjalani tindakan penutupan foramen ovale. Ada dua metode yang dapat dilakukan dokter untuk menutup lubang PFO, yaitu:\n']","Gejala pada seseorang yang menderita penyakit Patent Foramen Ovale adalah:\n\n- Lemah atau mati rasa di lengan atau kaki\n- Migrain atau sakit kepala\n- Nyeri dada\n- Penggumpalan darah\n- Linglung\n- Hilang keseimbangan\n\nNamun, perlu diingat bahwa sebagian besar pasien dengan PFO tidak menunjukkan gejala apa pun dan baru menyadari kondisi ini ketika melakukan pemeriksaan untuk penyakit lain.","Penyakit Patent Foramen Ovale (PFO) dapat menyebabkan berbagai gejala, tergantung pada bagaimana kondisi ini mempengaruhi sistem kardiovaskular dan sistem lainnya dalam tubuh. Pada beberapa orang, PFO mungkin tidak menunjukkan gejala apapun selama ini, tetapi ada kemungkinan bahwa mereka akan mengalami gejala karena adanya komplikasi atau kondisi terkait.\n\nBerikut adalah beberapa gejala yang mungkin dialami oleh seseorang dengan PFO:\n\n1. **Kegagalan Jantung**: Kondisi ini dapat menyebabkan kegagalan jantung, terutama pada mereka yang memiliki PFO yang besar atau jika kondisi ini berhubungan dengan kondisi lain seperti hipertensi pulmonal.\n\n2. **Stroke dan Iskemia Otak**: PFO dapat meningkatkan risiko stroke dan iskemia otak karena lemahnya fungsi katup antara atrium kiri dan ventrikel kanan, memungkinkan emboli atau gumpalan darah untuk melintas ke arah yang salah.\n\n3. **Kegagalan Paru**: PFO dapat menyebabkan peningkatan tekanan dalam arteri pulmonal dan hipertensi pulmonal, yang pada gilirannya dapat menyebabkan kegagalan paru.\n\n4. **Migren**: Beberapa penelitian telah menunjukkan bahwa ada hubungan antara PFO dengan migren, meskipun penyebab pastinya tidak sepenuhnya dipahami dan memerlukan lebih banyak penelitian untuk mengkonfirmasi hipotesis ini.\n\n5. **Kegagalan Jantung Sistolik**: Kondisi ini dapat menyebabkan kegagalan jantung sistolik, yang merupakan kondisi serius yang membutuhkan perhatian medis segera.\n\n6. **Gangguan Pernapasan**: PFO juga dapat menyebabkan gangguan pernapasan seperti sesak napas atau bronkitis kronik pada beberapa kasus.\n\n7. **Tromboemboli Pulmonal**: Kondisi ini dapat meningkatkan risiko tromboemboli pulmonal karena emboli darah dapat melintas ke paru-paru, menyebabkan kondisi serius.\n\n8. **Kegagalan Jantung Diastolik**: PFO juga dapat menyebabkan kegagalan jantung diastolik, yaitu ketidakmampuan ventrikel untuk mengembalikan darah ke atrium selama fase diastole.\n\nPenting untuk dicatat bahwa gejala ini tidak akan muncul pada setiap orang yang memiliki PFO. Beberapa orang mungkin tidak menunjukkan gejala apa pun, tetapi masih perlu mendapatkan diagnosis dan penanganan dari dokter jika mereka diketahui memiliki kondisi ini.",combination_5,nomic-embed-text,llama3.1,True,0.0
Apa saja obat yang direkomendasikan untuk penderita penyakit gagal jantung?,"Beberapa jenis obat yang dapat diresepkan adalah:\n\nDiuretik, seperti spironolactone, furosemide, indapamide, dan acetazolamide untuk mencegah pengumpulan cairan di dalam tubuh\nPenghambat beta, seperti carvedilol dan bisoprolol, untuk memperlambat jantung dan menurunkan tekanan darah\nACE inhibitor, seperti lisinopril, ramipril, dan perindopril, untuk mengurangi ketegangan pada pembuluh darah, menurunkan tekanan darah, dan melancarkan aliran darah\nAngiotensin II receptor blockers (ARB), seperti candesartan, valsartan, dan telmisartan, untuk mengurangi ketegangan pada pembuluh darah pada pasien yang tidak cocok dengan ACE inhibitor\nDigoxin, untuk meningkatkan kekuatan otot jantung\nIvabradine, untuk memperlambat laju denyut jantung\nTolvaptan, untuk mengembalikan kadar natrium darah yang dapat menurun pada pasien gagal jantung\nEmpagliflozin, untuk menurunkan tekanan darah dan beban kerja jantung pada pasien yang juga memiliki diabetes tipe 2.","['Topik: Gagal Jantung, Subtopik: Diagnosis Gagal Jantung \n Untuk mendiagnosis gagal jantung, dokter akan menanyakan gejala yang dialami pasien, riwayat kesehatan pasien dan keluarga, serta obat-obatan yang dikonsumsi.\nSelanjutnya, dokter akan melakukan pemeriksaan fisik untuk melihat tanda-tanda gagal jantung, seperti pembengkakan di kaki atau pergelangan kaki. Dokter juga akan memeriksa detak jantung menggunakan stetoskop.\nDokter dapat melakukan beberapa pemeriksaan penunjang untuk memastikan diagnosis. Beberapa pemeriksaan tersebut adalah:\n- Tes darah, untuk mendeteksi hormon brain natriuretic peptide (BNP) yang kadarnya akan meningkat bila terjadi gagal jantung, dan mendeteksi penyakit yang dapat menjadi penyebab gagal jantung\n- Foto Rontgen dada, untuk mendeteksi pembesaran jantung atau penumpukan cairan dalam paru-paru yang umum terjadi pada penderita gagal jantung\n- Elektrokardiografi, untuk merekam perubahan aktivitas listrik jantung atau mendeteksi gangguan irama jantung yang bisa menjadi penyebab gagal jantung\n- Ekokardiografi, untuk melihat struktur organ jantung secara lebih jelas dengan bantuan gelombang suara berfrekuensi tinggi\n- CT scan atau MRI jantung, untuk memperoleh gambaran yang lebih detail mengenai kondisi organ jantung\n- Katerisasi jantung, untuk mendeteksi penyumbatan pada pembuluh darah jantung\n', 'Topik: Gagal Jantung, Subtopik: Pencegahan Gagal Jantung \n Untuk mencegah terjadinya gagal jantung, cara terbaik yang dapat dilakukan adalah menjalani pola hidup sehat, seperti:\n- Menjaga berat badan agar tetap ideal, atau mengurangi berat badan jika memiliki berat badan berlebih\n- Mengonsumsi makanan yang tinggi serat atau tinggi protein, seperti sayur, buah, ikan, dan biji-bijian atau serealia\n\n- Mengurangi asupan gula dan garam\n- Mengurangi konsumsi minuman beralkohol\n- Berolahraga secara rutin, setidaknya 30 menit setiap hari\n- Mencukupi waktu tidur dan istirahat\n- Mengelola stres dengan baik\n- Tidak merokok\nSelain dengan menjalani pola hidup sehat, gagal jantung juga dapat dicegah dengan menjalani pemeriksaan kesehatan secara rutin, seperti pemeriksaan tekanan darah, gula darah, dan kolesterol.\nBagi penderita kondisi atau penyakit yang dapat menyebabkan gagal jantung, seperti penyakit jantung atau diabetes, jalani pengobatan yang telah diberikan oleh dokter dan lakukan kontrol secara rutin.\n', 'Topik: Gagal Jantung, Subtopik: Pengobatan Gagal Jantung \n Gagal jantung merupakan kondisi yang terjadi dalam jangka panjang. Oleh sebab itu, pengobatan yang dilakukan bertujuan untuk:\n- Meringankan gejala gagal jantung\n- Meningkatkan kekuatan jantung\n- Mencegah terjadinya komplikasi\nMetode pengobatan gagal jantung akan disesuaikan dengan usia pasien, penyebab dan tingkat keparahannya, serta penyakit lain yang menyertai. Metode pengobatan gagal jantung dapat berupa:\n']","Obat-obatan yang direkomendasikan untuk penderita gagal jantung dapat bervariasi tergantung pada kondisi pasien dan penyebab gagal jantung. Namun, berikut beberapa kategori obat-obatan umum yang sering digunakan dalam pengobatan gagal jantung:\n\n1. **Diuretik**: Digunakan untuk mengurangi cairan berlebih di tubuh pasien dan membantu meringankan gejala kelebihan cairan di paru-paru, seperti napas cepat dan tidak stabil.\n2. **Beta Bloker**: Bisa digunakan untuk menurunkan tekanan darah dan mengurangi frekuensi denyut jantung.\n3. **ACE Inhibitor** atau **ARB**: Digunakan untuk menurunkan tekanan darah dan mencegah penumpukan cairan di paru-paru.\n4. **Digoksin**: Bisa digunakan untuk mengatur irama jantung yang tidak stabil.\n5. **Anti-Anginal**: Obat ini dapat membantu mengurangi gejala nyeri dada akibat kekurangan oksigen ke otot jantung.\n6. **Obat antihipertensi lainnya**, seperti kalsium kanal blocker dan dihydropyridine, juga mungkin digunakan untuk menurunkan tekanan darah.\n\nPerlu diingat bahwa penggunaan obat-obatan ini harus selalu dikonsultasikan dengan dokter terlebih dahulu karena dosis dan jenis obat yang tepat dapat berbeda-beda tergantung pada kondisi pasien. Selain itu, pengobatan gagal jantung seringkali melibatkan perubahan gaya hidup sehat dan pencegahan komplikasi lainnya.",Obat-obatan berikut dapat digunakan sebagai pengobatan pada penderita gagal jantung:\n\n1.  **Diuretika**: Digunakan untuk mengurangi penumpukan cairan di dalam tubuh dan meningkatkan produksi air seni.\n2.  **Angiotensin-converting enzyme (ACE) inhibitors**: Membantu melebarkan pembuluh darah dan menurunkan tekanan darah.\n3.  **Beta-blockers**: Membantu mengurangi kecepatan jantung dan tekanan darah.\n4.  **Angiotensin II receptor blockers (ARBs)**: Bekerja sama dengan ACE inhibitors untuk melebarkan pembuluh darah dan menurunkan tekanan darah.\n5.  **Nitrates**: Membantu melebarkan pembuluh darah dan meningkatkan aliran darah ke jantung.\n\nPenggunaan obat-obatan di atas harus selalu berkonsultasi dengan dokter untuk mendapatkan resep yang tepat dan dosis yang sesuai.,combination_5,nomic-embed-text,llama3.1,True,0.0
Bagaimana cara mengobati penyakit bradikardia?,"Pengobatan bradikardia akan disesuaikan dengan tingkat keparahannya dan penyebabnya. Sebagai contoh, jika penyebabnya adalah hipotiroidisme, dokter akan memberikan terapi yang sesuai untuk mengobati kondisi tersebut.\n\nSementara pada bradikardia yang disebabkan oleh penggunaan obat-obatan, dokter akan menurunkan dosis obat, mengganti jenis obat, atau menghentikan pengobatan.\n\nJika metode di atas tidak menunjukkan perbaikan atau kondisi pasien memburuk, dokter mungkin akan menyarankan penggunaan alat pacu jantung. Alat ini ditanam di dalam dada sebagai pengirim sinyal listrik ke jantung. Dengan begitu, detak jantung dapat kembali normal.","['Topik: Bradikardia, Subtopik: Pengobatan Bradikardia \n Pengobatan bradikardia akan disesuaikan dengan tingkat keparahannya dan penyebabnya. Sebagai contoh, jika penyebabnya adalah hipotiroidisme, dokter akan memberikan terapi yang sesuai untuk mengobati kondisi tersebut.\nSementara pada bradikardia yang disebabkan oleh penggunaan obat-obatan, dokter akan menurunkan dosis obat, mengganti jenis obat, atau menghentikan pengobatan.\nJika metode di atas tidak menunjukkan perbaikan atau kondisi pasien memburuk, dokter mungkin akan menyarankan penggunaan alat pacu jantung. Alat ini ditanam di dalam dada sebagai pengirim sinyal listrik ke jantung. Dengan begitu, detak jantung dapat kembali normal.\n', 'Topik: Bradikardia, Subtopik: Pencegahan Bradikardia \n Bradikardia tidak selalu bisa dicegah. Namun, ada beberapa upaya yang dapat dilakukan untuk menurunkan risiko terkena bradikardia, yaitu:\n- Mengonsumsi makanan bergizi seimbang, serta rendah garam dan gula\n- Tidak merokok atau menghentikan kebiasaan merokok\n- Menghindari penggunaan NAPZA\n- Tidak mengonsumsi minuman beralkohol\n- Menjaga berat badan ideal\n\n- Berolahraga secara rutin\n- Mengelola stres dengan baik\nSelain cara-cara di atas, lakukan pemeriksaan tekanan darah, kolesterol, dan kadar gula darah secara berkala ke dokter.\n', 'Topik: Bradikardia, Subtopik: Diagnosis Bradikardia \n Untuk mendiagnosis bradikardia, dokter akan bertanya seputar gejala yang muncul, riwayat penyakit dan obat-obatan yang dikonsumsi pasien. Setelah itu, dokter akan melakukan pemeriksaan fisik, termasuk mengukur tekanan darah dan denyut nadi serta mendengarkan detak jantung pasien menggunakan stetoskop.\nUntuk memastikan diagnosis, dokter akan melakukan pemeriksaan penunjang berikut:\n- Elektrokardiografi (EKG), untuk mengetahui aliran listrik pada jantung. Namun, EKG bisa menunjukkan hasil yang normal jika pada saat pemeriksaan pasien tidak mengalami bradikardia.\n- Holter monitoring, untuk mendeteksi bradikardia yang mungkin terjadi di lain waktu. Alat ini dapat merekam aktivitas listrik pada jantung secara terus-menerus selama 1  2 hari.\n- Event recorder, untuk melihat aliran listrik pada jantung melalui monitor di alat tersebut. Event recorder akan merekam aktivitas listrik jantung ketika muncul gejala. Alat ini umumnya digunakan selama beberapa minggu hingga 1 bulan.\n']","Mengobati bradikardia melalui beberapa metode tergantung pada penyebab dan tingkat keparahan kondisi tersebut. Berikut adalah cara mengobati bradikardia, sesuai dengan konteks yang diberikan:\n\n1. Hipotiroidisme: Jika penyebabnya hipotiroidisme, obat levothyroxine biasanya digunakan untuk meningkatkan kadar hormon tiroid dalam tubuh dan mengembalikan ritme jantung ke normal.\n2. Penggunaan obat-obatan: Jika penyebabnya penggunaan obat, dosis atau jenis obat dikurangi, diganti, atau penggunaan dilarang berdasarkan situasi khusus.\n3. Alat pacu jantung: Metode ini dilakukan apabila metode terdahulu tidak memberikan hasil yang memuaskan dan gejala pasien semakin buruk atau meningkat, di mana alat ditanam dalam dada untuk mengembalikan ritme jantung ke normal.\n4. Pembersihan sumsum tulang: Jika ada nodul hipertiroid yang menyumbat saluran pengeluaran darah, penyakit ini bisa disembuhkan dengan operasi.","Untuk mengobati bradycardia, metode medis yang umum digunakan termasuk penggunaan obat untuk mempercepat ritme jantung atau implantasi defibrilator (ICD) untuk mengembalikan ritme jantung ke normal. Pada kasus severe, bisa juga melalui penyuntikkan simpatomimetic seperti isoproterenol untuk meningkatkan frekuensi jantung dalam batas yang aman.\n\nNamun, selalu penting untuk meminta nasihat dari dokter atau saraf khususnya tentang penggunaan obat dan cara mengobati penyakit ini, karena setiap penyakit mungkin memerlukan pendekatan medis yang berbeda.",combination_6,nomic-embed-text,deepseek-v2,True,0.0
Apa obat yang dapat diberikan pada penderita hipertensi pulmonal?,"Jenis obat yang bisa diberikan antara lain:\n\nSildenafil atau tadalafil\nSildenafil dan tadalafil berfungsi membuka pembuluh darah paru-paru agar darah dapat mengalir dengan lebih mudah.\n\nAntagonis kalsium\nObat ini berfungsi melemaskan otot pembuluh darah, tetapi hanya ampuh pada sebagian penderita hipertensi pulmonal. Beberapa obat yang termasuk ke dalam golongan ini adalah nifedipine, diltiazem, dan amlodipine.\n\nAntikoagulan\nAntikoagulan, seperti warfarin, merupakan obat pengencer darah yang berfungsi menghambat terbentuknya gumpalan darah di arteri paru-paru. Meski obat ini sering digunakan, penggunaannya perlu dievaluasi secara rutin karena dapat meningkatkan risiko terjadinya perdarahan.\n\nDiuretik\nDiuretik adalah obat yang berfungsi mengurangi cairan di dalam tubuh sehingga kerja jantung menjadi lebih ringan. Obat ini juga dapat mengurangi penumpukan cairan di paru-paru, tungkai, dan perut pada pasien yang sudah mengalami komplikasi gagal jantung.\n\nDigoxin\nDigoxin adalah obat yang berfungsi membantu jantung berdenyut lebih kuat agar dapat memompa lebih banyak darah. Obat ini juga dapat mengendalikan denyut jantung menjadi lebih teratur.\n\nVasodilator\nVasodilator digunakan untuk melemaskan dan membuka pembuluh darah yang menyempit di paru-paru. Dengan begitu, darah dapat mengalir lebih baik. Contoh obat dari golongan ini antara lain epoprostenol, beraprost, dan iloprost.","['Topik: Hipertensi Pulmonal, Subtopik: Pengobatan Hipertensi Pulmonal \n Hipertensi pulmonal merupakan penyakit yang belum dapat disembuhkan. Pengobatan hanya bertujuan untuk meredakan gejala dan menghambat perkembangan penyakit. Jika didiagnosis dan ditangani sejak dini, kerusakan arteri pulmonal secara permanen dapat dicegah.\nPengobatan hipertensi pulmonal dapat dilakukan dengan menangani kondisi itu sendiri, atau mengatasi penyebab yang mendasarinya. Beberapa metode pengobatan yang dapat dilakukan meliputi:\n', 'Topik: Hipertensi Pulmonal, Subtopik: Penyebab Hipertensi Pulmonal: Faktor Risiko Hipertensi Pulmonal \n Risiko terkena hipertensi pulmonal lebih dapat meningkat pada orang dengan kondisi berikut:\n- Berjenis kelamin wanita\n- Berusia 30 tahun ke atas\n- Menderita berat badan berlebih\n- Memiliki keluarga dengan riwayat hipertensi pulmonal\n- Menderita kelainan lahir, seperti penyakit jantung bawaan atau sindrom Down\n\n- Memiliki kondisi medis lain, seperti penyakit hati, penyakit penggumpalan darah, penyakit ginjal kronis, atau penyakit tiroid\n- Mengonsumsi obat-obatan penurun berat badan\n- Mengonsumsi obat selective serotonin reuptake inhibitors (SSRIs) untuk mengatasi depresi dan gangguan kecemasan\n- Memiliki kebiasaan merokok\n- Menyalahgunakan NAPZA, seperti kokain\n- Terpapar asbes\n', 'Topik: Hipertensi Pulmonal, Subtopik: Diagnosis Hipertensi Pulmonal \n Dokter akan bertanya mengenai gejala yang dialami, riwayat kesehatan pasien dan keluarga, serta obat-obatan yang sedang dikonsumsi. Dokter juga akan melakukan pemeriksaan fisik secara menyeluruh, termasuk mendengarkan suara jantung dan paru-paru melalui stetoskop, serta memeriksa pembengkakan di tungkai dan pergelangan kaki.\nGuna memastikan diagnosis, beberapa pemeriksaan penunjang juga perlu dilakukan. Karena gejala hipertensi pulmonal mirip dengan beberapa penyakit jantung, dokter akan mengawali dengan pemeriksaan jantung, di antaranya:\n']","Obat-obatan yang umumnya digunakan untuk mengatasi hipertensi pulmonal termasuk obat blokade kanal kalium (IKK), endotelin receptor antagonist, dan prostacyclin analog. Namun, disarankan agar penggunaan obat ini dilakukan di bawah direktur dokter atau ahli medis yang ahli dalam bidang tersebut untuk memastikan keamanan dan efek samping yang tidak timbul.","Obat-obatan yang umum diberikan untuk penderita hipertensi pulmonal (pembesaran tulang keriting atau bulbiata pulmonalis) meliputi:\n\n1. Epoprostenol (Cloxateplase): Inokulum utama yang sering digunakan dalam praktik klinik untuk mengurangi tekanan darah dan mengecili pembesaran tulang keriting.\n2. Bosentan: Obat oral dengan mekanisme dual, yang bekerja sebagai antagonist endotelial angiotensin II dan prostacyclin, sering digunakan untuk kontrol hipertensi pulmonal.\n3. Sildenafil (Viagra), tadalafil (Cialis), atau riociguat: Obat-obatan yang bekerja dengan cara mengecili pembesaran tulang keriting dan mengurangi tekanan darah, seringkali digunakan sebagai terapi alternatif.\n4. Diuretik: Seperti furosemide atau milrinone, yang biasanya digunakan untuk menangani sindrom jantung kan yang umumnya disertai dengan hipertensi pulmonal.\n5. Antikoagulan: Obat-obatan lain seperti warfarin dan heparin seringkali digunakan untuk mencegah penggenangan darah akut (emboli) yang umumnya terjadi dalam hipertensi pulmonal.\n6. Angiotensin II receptor antagonist, contohnya losartan atau valsartan, juga sering digunakan secara eksperimen untuk penderita hipertensi pulmonal.\n\nSemua obat-obatan ini harus diberikan di bawah perawatan dokter spesialisasi dan dosis yang tepat akan menyesuaikan sesuai dengan kondisi pasien.",combination_6,nomic-embed-text,deepseek-v2,True,0.0
Apa saja hal yang dapat meningkatkan risiko penyakit Arteriosklerosis?,"Selain itu, ada beberapa kondisi yang dapat meningkatkan risiko terjadinya kerusakan pembuluh darah arteri, yaitu:\n\nKolesterol tinggi\nTrigliserida tinggi\nTekanan darah tinggi\nBerat badan berlebih\nDiabetes\nPeradangan akibat arthritis, lupus, atau infeksi\nKebiasaan merokok\nKurang olahraga\nPola makan yang tidak sehat\nRiwayat penyakit jantung di keluarga","['Topik: Arteriosklerosis, Subtopik: Penyebab Arteriosklerosis \n Arteriosklerosis terjadi ketika dinding bagian dalam pembuluh darah arteri mengalami kerusakan. Akibatnya, sel darah dan plak yang terbentuk dari kolesterol, lemak, atau kalsium menumpuk di dinding arteri dan menyumbat pembuluh darah.\nPenyumbatan pembuluh darah membuat aliran darah ke organ-organ tubuh menjadi tidak lancar. Hal ini mengakibatkan organ tersebut tidak berfungsi dengan baik.\nBelum diketahui secara pasti penyebab kerusakan pada pembuluh darah arteri. Akan tetapi, kondisi ini diyakini bisa terjadi sejak usia muda dan dapat berkembang seiring pertambahan usia.\nSelain itu, ada beberapa kondisi yang dapat meningkatkan risiko terjadinya kerusakan pembuluh darah arteri, yaitu:\n- Kolesterol tinggi\n- Trigliserida tinggi\n- Tekanan darah tinggi\n- Berat badan berlebih\n- Diabetes\n- Peradangan akibat arthritis, lupus, atau infeksi\n- Kebiasaan merokok\n- Kurang olahraga\n- Pola makan yang tidak sehat\n- Riwayat penyakit jantung di keluarga\n', 'Topik: Arteriosklerosis, Subtopik: Pengertian Arteriosklerosis \n Arteriosklerosis adalah pengerasan pembuluh darah arteri akibat penumpukan plak di dinding arteri. Arteri yang mengeras dapat membuat aliran darah ke organ tubuh menjadi tidak lancar sehingga mengganggu fungsi organ tersebut. Kondisi ini dapat terjadi akibat berbagai hal, seperti penumpukan lemak atau penuaan.\nArteri adalah pembuluh darah yang berfungsi mengalirkan darah kaya oksigen dari jantung ke seluruh tubuh. Seiring berjalannya waktu, arteri dapat mengeras sehingga kehilangan elastisitasnya.\n\nArteriosklerosis dapat terjadi di arteri yang mengalirkan darah ke jantung, otak, kaki, dan ginjal. Bila berlangsung dalam waktu lama, aliran darah ke organ-organ tersebut akan terganggu, bahkan tersumbat. Akibatnya, penderita arteriosklerosis berisiko terserang penyakit serius, seperti stroke dan penyakit jantung koroner.\nMeski sering kali dianggap sama, arteriosklerosis berbeda dengan aterosklerosis. Arteriosklerosis mencakup semua kondisi pengerasan arteri. Sedangkan aterosklerosis merupakan pengerasan arteri yang secara spesifik terjadi akibat penumpukan lemak di dinding arteri. Dengan kata lain, aterosklerosis termasuk ke dalam jenis arteriosklerosis.\n', 'Topik: Arteriosklerosis, Subtopik: Pencegahan Arteriosklerosis \n Arteriosklerosis bisa dicegah dengan meminimalkan faktor risiko yang telah disebutkan di atas. Caranya adalah dengan menjalani pola hidup sehat, seperti:\n- Tidak merokok\n- Berolahraga secara rutin\n- Mengonsumsi makanan sehat dan bergizi seimbang, serta memperbanyak asupan sayur-sayuran dan buah-buahan\n- Mempertahankan berat badan ideal\n\n- Beristirahat dan tidur yang cukup\n- Mengelola stres dengan baik\nSelain itu, penderita penyakit diabetes, lupus, dan arthritis dianjurkan untuk melakukan kontrol ke dokter secara rutin, guna memantau kondisi kesehatan dan efektivitas pengobatan yang telah dilakukan.\n']","Penyebab kerusakan pada pembuluh darah arteri belum diketahui secara pasti. Namun, arteriosklerosis diyakini bisa terjadi sejak usia muda dan berkembang seiring pertambahan usia.\n\nBerikut beberapa kondisi yang dapat meningkatkan risiko terjadinya kerusakan pembuluh darah arteri:\n\n1.  Kolesterol tinggi\n2.  Trigliserida tinggi\n3.  Tekanan darah tinggi\n4.  Berat badan berlebih\n5.  Diabetes\n6.  Peradangan akibat arthritis, lupus, atau infeksi\n7.  Kebiasaan merokok\n8.  Kurang olahraga\n9.  Pola makan yang tidak sehat\n10. Riwayat penyakit jantung di keluarga","Penyakit arteriosklerosis atau sering disebut sebagai aterosklerosis merupakan kondisi dimana terjadi penumpukan lemak dan plak pada dinding pembuluh darah, hal ini dapat menyebabkan penyempitan pembuluh darah. Berikut beberapa faktor yang dapat meningkatkan risiko penyakit arteriosklerosis:\n\n1. **Kurangnya olahraga**: Kurangnya aktivitas fisik dapat meningkatkan tekanan darah dan berdampak pada kesehatan jantung.\n2. **Konsumsi makanan yang tidak seimbang**: Makanan yang kaya akan lemak jenuh, gula, dan garam dapat meningkatkan kadar kolesterol dan tekanan darah.\n3. **Kurangnya asupan serat**: Serat yang kurang dapat menyebabkan penumpukan lemak pada dinding pembuluh darah.\n4. **Merokok**: Merokok dapat meningkatkan risiko penyakit arteriosklerosis dengan cara merusak lapisan dalam pembuluh darah dan meningkatkan tekanan darah.\n5. **Kurangnya tidur**: Kurangnya tidur dapat menyebabkan stres yang berkepanjangan, hal ini dapat meningkatkan kadar kolesterol dan tekanan darah.\n6. **Stres yang berkepanjangan**: Stres yang berkepanjangan dapat meningkatkan kadar kortisol, hal ini dapat meningkatkan kadar gula darah dan tekanan darah.\n7. **Kurangnya asupan vitamin D**: Kurangnya asupan vitamin D dapat menyebabkan peningkatan tekanan darah dan risiko penyakit arteriosklerosis.\n8. **Faktor genetik**: Faktor genetik juga berperan dalam meningkatkan risiko penyakit arteriosklerosis, terutama jika ada sejarah keluarga dengan penyakit ini.\n\nDengan memahami faktor-faktor yang dapat meningkatkan risiko penyakit arteriosklerosis, kita dapat melakukan langkah-langkah pencegahan untuk mengurangi risikonya.",combination_7,mxbai-embed-large,llama3.1,True,0.0
Apa saja obat yang dapat mengatasi penyakit kardiomegali?,"Untuk mengatasi kardiomegali yang disebabkan oleh tekanan darah tinggi atau gagal jantung, dokter dapat memberikan beberapa obat-obatan berikut:\n\nObat penurun tekanan darah golongan ACE inhibitors, seperti captopril; atau obat ARB, seperti candesartan\nObat penghambat beta (beta blockers), seperti bisoprolol, untuk mengontrol tekanan darah dan meningkatkan fungsi pompa jantung\nObat diuretik, untuk mengurangi penumpukan cairan di dalam tubuh agar tekanan darah menurun dan pembengkakan berkurang\n\nUntuk mengatasi penyebab kardiomegali yang terkait dengan irama jantung, dokter dapat meresepkan obat pengontrol denyut jantung, seperti digoxin. Apabila pasien berisiko menderita stroke atau serangan jantung, dokter juga dapat memberikan obat pengencer darah.","['Topik: Kardiomegali, Subtopik: Pengobatan Kardiomegali \n Pengobatan kardiomegali berfokus untuk mengatasi penyebab pembesaran jantung. Metode pengobatannya mencakup pemberian obat atau operasi, tergantung pada penyebab dan tingkat keparahannya.\nUntuk mengatasi kardiomegali yang disebabkan oleh tekanan darah tinggi atau gagal jantung, dokter dapat memberikan beberapa obat-obatan berikut:\n- Obat penurun tekanan darah golongan ACE inhibitors, seperti captopril; atau obat ARB, seperti candesartan\n- Obat penghambat beta (beta blockers), seperti bisoprolol, untuk mengontrol tekanan darah dan meningkatkan fungsi pompa jantung\n- Obat diuretik, untuk mengurangi penumpukan cairan di dalam tubuh agar tekanan darah menurun dan pembengkakan berkurang\nUntuk mengatasi penyebab kardiomegali yang terkait dengan irama jantung, dokter dapat meresepkan obat pengontrol denyut jantung, seperti digoxin. Apabila pasien berisiko menderita stroke atau serangan jantung, dokter juga dapat memberikan obat pengencer darah.\nJika obat-obatan tidak cukup ampuh dalam mengatasi penyebab kardiomegali, dokter dapat melakukan operasi. Beberapa jenis operasi yang bisa dilakukan untuk menangani kardiomegali adalah:\n- Pemasangan alat pacu jantung atau implantable cardioverter-defibrillator (ICD), untuk memantau dan mengendalikan irama jantung\n- Operasi bypass jantung, untuk mengatasi penyumbatan pembuluh darah jantung pada kardiomegali yang disebabkan oleh penyakit jantung koroner\n\n- Operasi katup jantung, untuk mengganti katup yang bermasalah\n- Transplantasi atau pencangkokan jantung, sebagai pilihan terakhir jika berbagai prosedur medis lain tidak dapat menangani kardiomegali\nPeluang keberhasilan pengobatan kardiomegali akan lebih besar jika didukung dengan perubahan gaya hidup menjadi lebih sehat, seperti:\n- Berolahraga secara rutin\n- Mengelola stres dengan baik\n- Menjaga berat badan ideal\n\n- Membatasi asupan garam dalam makanan\n- Tidur yang cukup, sekitar 7  9 jam sehari\n- Berhenti merokok\n- Membatasi konsumsi minuman beralkohol atau berkafein\n\n- Menjaga kadar gula darah dan tekanan darah\nKardiomegali yang terjadi sementara, misalnya akibat kehamilan atau infeksi, biasanya dapat sembuh total dan jantung akan kembali ke ukuran normal. Sementara itu, kardiomegali yang disebabkan oleh penyakit lain biasanya bersifat permanen sehingga perlu terus diobati.\n', 'Topik: Kardiomegali, Subtopik: Pencegahan Kardiomegali \n Kardiomegali dapat dihindari dengan mencegah terjadinya penyakit penyebab dan faktor risikonya. Upaya yang dapat dilakukan adalah dengan menjalani gaya hidup sehat guna menjaga kesehatan jantung, seperti:\n- Mengonsumsi makanan yang baik untuk penderita jantung bengkak, seperti buah, sayur, ikan, susu rendah lemak, dan biji-bijian\n- Membatasi asupan garam dan lemak jenuh dalam makanan\n- Menghindari konsumsi minuman beralkohol\n- Berhenti merokok\n- Berolahraga rutin\n- Menjaga kadar kolesterol dan tekanan darah\n- Mencuci tangan dengan sabun dan air mengalir secara rutin\n', 'Topik: Kardiomegali, Subtopik: Penyebab dan Faktor Risiko Kardiomegali \n Kardiomegali terjadi ketika otot jantung memompa darah lebih keras daripada yang seharusnya. Beban kerja yang berlebihan ini lama-lama menyebabkan otot jantung menebal sehingga ukuran jantung menjadi lebih besar.\nBeberapa kondisi yang dapat menyebabkan jantung bengkak atau kardiomegali adalah:\n- Hipertensi\n- Penyakit jantung koroner\n- Penyakit katup jantung\n- Kardiomiopati\n- Gangguan irama jantung (aritmia)\n- Penumpukan cairan di selaput pelindung jantung (efusi perikardium)\n- Gangguan hormon tiroid\n- Anemia\n- Kelebihan zat besi dalam tubuh (hemokromatosis)\n- Infeksi virus pada jantung\n- Infeksi HIV\n- Gagal ginjal\n- Penyakit paru, seperti penyakit paru obstruktif kronik (PPOK)\n- Penyakit amiloidosis\n\n- Penyakit jantung bawaan, seperti kelainan katup jantung atau koarktasio aorta\n\n- Kehamilan\nSelain kondisi-kondisi di atas, risiko kardiomegali juga lebih tinggi pada seseorang dengan beberapa faktor di bawah ini:\n- Memiliki berat badan berlebih atau obesitas\n- Kurang beraktivitas fisik dan berolahraga\n- Menderita kecanduan alkohol\n- Menyalahgunakan NAPZA\n- Pernah terkena serangan jantung\n\n- Memiliki keluarga dengan riwayat pembengkakan jantung\n']","Obat-obatan yang dapat digunakan untuk mengobati kardiomegali tergantung pada penyebab dan tingkat keparahannya. Dokter akan menentukan jenis obat yang paling tepat untuk pasien berdasarkan kondisi medis mereka.\n\nUntuk kardiomegali yang disebabkan oleh tekanan darah tinggi atau gagal jantung, dokter dapat memberikan beberapa obat-obatan seperti:\n\n- Obat penurun tekanan darah golongan ACE inhibitors, seperti captopril; atau obat ARB, seperti candesartan\n- Obat penghambat beta (beta blockers), seperti bisoprolol, untuk mengontrol tekanan darah dan meningkatkan fungsi pompa jantung\n- Obat diuretik, untuk mengurangi penumpukan cairan dalam tubuh agar tekanan darah menurun dan pembengkakan berkurang\n\nUntuk kardiomegali yang terkait dengan irama jantung, dokter dapat meresepkan obat pengontrol denyut jantung seperti digoxin. Apabila pasien memiliki risiko tinggi menderita stroke atau serangan jantung, dokter juga dapat memberikan obat pengencer darah.\n\nJika obat-obatan tidak cukup efektif dalam mengatasi penyebab kardiomegali, dokter dapat melakukan operasi untuk menangani kondisi ini. Beberapa jenis operasi yang bisa dilakukan adalah:\n\n- Pemasangan alat pacu jantung atau ICD (implantable cardioverter-defibrillator), untuk memantau dan mengendalikan irama jantung\n- Operasi bypass jantung, untuk mengatasi penyumbatan pembuluh darah jantung pada kardiomegali yang disebabkan oleh penyakit jantung koroner\n\n- Operasi katup jantung, untuk mengganti katup yang bermasalah\n- Transplantasi atau pencangkokan jantung, sebagai pilihan terakhir jika berbagai prosedur medis lain tidak dapat menangani kardiomegali.","Penyakit kardiomegali merupakan kondisi dimana jantung menjadi besar karena tekanan darah tinggi. Untuk mengatasi penyakit ini, beberapa obat yang dapat digunakan antara lain:\n\n1. Diuretik: Obat ini berfungsi untuk meningkatkan produksi urine dan mengurangi tekanan darah.\n2. Beta Blokkers: Obat ini bekerja dengan cara menurunkan detak jantung sehingga jantung tidak perlu bekerja keras untuk pompa darah ke seluruh tubuh.\n3. ACE Inhibitor: Obat ini dapat mengurangi produksi angiotensin II yang merupakan peptida yang dapat meningkatkan tekanan darah.\n4. ARB (Angiotensin Receptor Blokkers): Obat ini bekerja dengan cara menghalangi efek dari angiotensin II sehingga tekanan darah menurun.\n5. Kalsium Kanal Blokkers: Obat ini dapat mengurangi kontraksi otot jantung dan meningkatkan waktu detak jantung.\n\nNamun, perlu diingat bahwa pengobatan penyakit kardiomegali harus disesuaikan dengan kondisi medis pasien dan harus dikonsultasikan dengan dokter terlebih dahulu.",combination_7,mxbai-embed-large,llama3.1,True,0.0
Apa penyebab seseorang menderita penyakit perikarditis?,"Sebagian besar kasus perikarditis tidak diketahui penyebabnya, tetapi ada beberapa hal yang diduga dapat menjadi penyebab perikarditis, yaitu:\n\nInfeksi bakteri\nInfeksi virus, seperti COVID-19, rubella, dan influenza\nKanker dari organ lain yang menyebar ke perikardium\nSerangan jantung\nCedera pada dada\nKomplikasi akibat operasi jantung\nPenyakit peradangan, seperti lupus dan rheumatoid arthritis\nPaparan radiasi dalam radioterapi, khususnya pada terapi kanker payudara dan kanker paru","['Topik: Perikarditis, Subtopik: Penyebab Perikarditis \n Sebagian besar kasus perikarditis tidak diketahui penyebabnya, tetapi ada beberapa hal yang diduga dapat menjadi penyebab perikarditis, yaitu:\n- Infeksi bakteri\n- Infeksi virus, seperti COVID-19, rubella, dan influenza\n- Kanker dari organ lain yang menyebar ke perikardium\n- Serangan jantung\n- Cedera pada dada\n- Komplikasi akibat operasi jantung\n- Penyakit peradangan, seperti lupus dan rheumatoid arthritis\n\n- Paparan radiasi dalam radioterapi, khususnya pada terapi kanker payudara dan kanker paru\n', 'Topik: Perikarditis, Subtopik: Diagnosis Perikarditis \n Diagnosis perikarditis ditetapkan berdasarkan hasil tanya jawab terkait gejala, serta hasil pemeriksaan fisik dan pemeriksaan penunjang. Beberapa tes penunjang yang dilakukan untuk memastikan perikarditis dan penyebabnya yaitu:\n- Tes darah\nTes darah dilakukan untuk mengetahui adanya infeksi atau peradangan.\n- Rontgen dada\nFoto Rontgen dada bertujuan untuk melihat kondisi jantung, paru-paru, dan pembuluh Jika terdapat efusi perikardium yang terjadi pada perikarditis, maka jantung akan tampak membesar.\n- Echo jantung\nEcho jantung dilakukan untuk melihat gambaran jantung dan mendeteksi cairan yang terkumpul dalam ruang\n- EKG (elektrokardiogram) \nEKG bertujuan untuk mendeteksi dan merekam aktivitas listrik jantung yang dapat berubah saat terjadi perikarditits.\n- CT scan\nPemindaian dengan sinar-X ini dilakukan untuk mendapatkan gambaran jantung lebih detail.\n- MRI\nProsedur menggunakan gelombang magnet ini dilakukan untuk mendapatkan gambaran jantung secara detail. Dari hasil pemeriksaan, dapat terlihat apabila ada penebalan, peradangan, atau perubahan lain pada perikardium.\n', 'Topik: Perikarditis, Subtopik: Pengertian Perikarditis \n Perikarditis adalah peradangan pada lapisan tipis berbentuk kantong yang melapisi jantung (perikardium). Perikardium berfungsi untuk menjaga agar jantung tidak berpindah posisi, serta melindungi jantung dari gesekan atau penyebaran infeksi dari jaringan lain.\nPenyakit yang menimbulkan gejala nyeri dada ini dapat terjadi di segala usia. Meski begitu, perikarditis paling banyak terjadi di usia 20 sampai 50 tahun, terutama pada pria.\n']","Penyebab seseorang menderita penyakit perikarditis bisa beragam dan tidak seluruhnya diketahui secara pasti. Namun, beberapa faktor atau penyebab yang umum dugaan termasuk:\n\n1. Infeksi bakteri: Penyebab infeksi ini bisa disebabkan oleh bakteri seperti Staphylococcus aureus dan Streptococcus pyogenes, yang dapat menyebar ke perikardium setelah meramaikan jaringan lain dalam sistem darah.\n2. Infeksi virus: Virus, termasuk COVID-19, rubella, influenza, dan herpes simplex, juga bisa menyebabkan penyakit ini. Contoh khusus adalah infeksi coronavir yang memicu perikarditis pada beberapa pasien dengan COVID-19.\n3. Kanker jantung atau organ lain yang menyebar ke perikardium: Kanker bisa menyebabkan efusi perikardium, yaitu penyimpangan cairan di ruang antar perikardium, yang juga dapat menyebabkan nyeri dada.\n4. Serangan jantung atau cedera dada: Gejala ini pun bisa menjadi salah satu penyebab terhadap penyakit perikarditis, karena serangan jantung dan cedera dada bisa menyebabkan infeksi atau radang pada perikardium.\n5. Komplikasi operasi jantung: Operasi yang tidak sempurna bisa menimbulkan penyakit ini, terutama jika ada infeksi di dalam tubuh setelah operasi.\n6. Penyakit peradangan seperti lupus atau arthritis reumatoid: Penyebab lain yang umum duga bisa menjadi pemicu penyakit ini, karena penyakit ini sendiri juga seringkali disertai infeksi atau radang.\n7. Paparan radiasi dalam radioterapi, terutama di mana terapi ini digunakan untuk kanker payudara dan paru: Radiasi yang melekat pada perikardium bisa menimbulkan infeksi atau menyebabkan efusi perikardium.\n\nNamun, penting untuk dicatat bahwa penyebab ini hanya dugaan dan belum tentu benar-benar menjadi penyebab bagi setiap kasus perikarditis. Karena itu, diagnosa yang tepat serta pemeriksaan lebih lanjut seperti pemeriksaan gejala fisik dan tes biologi lainnya diperlukan untuk mengidentifikasi penyebab secara pasti.","Penyebab penyakit perikarditis belum jelas secara universal, karena faktor genetik dan umat manusia yang berbeda. Namun, beberapa faktor risiko utama yang diketahui termasuk infeksi, inflamasi non infeksi (seperti lupus atau artritis), trauma medis, dan penyakit lain seperti kanker perikardium.",combination_8,mxbai-embed-large,deepseek-v2,True,0.0
Apa penyebab seseorang menderita atrial fibrilasi?,"Fibrilasi atrium (AF) terjadi akibat adanya gangguan hantaran sinyal listrik di otot jantung. Akibatnya, denyut jantung menjadi tidak normal sehingga tidak memompa darah dengan optimal ke seluruh tubuh.\n\nGangguan hantran listrik ini diduga disebabkan oleh beberapa faktor berikut:\n\nKonsumsi minuman berkafein atau beralkohol\nKonsumsi obat-obatan batuk pilek\nKebiasaan merokok\nTekanan darah tinggi\nPenyakit jantung koroner\nPenyakit jantung bawaan\nKelainan katup jantung\nSerangan jantung\nHipertiroidisme\nInfeksi virus\nSleep apnea\nGangguan metabolik\nPenyakit paru-paru\n\nSelain beberapa faktor di atas, terdapat kondisi lain yang dapat meningkatkan risiko seseorang terserang AF, yaitu:\n\nBerusia lanjut\nMenderita obesitas atau berat badan berlebih\nMemiliki keluarga yang juga mengalami atrial fibrilasi","['Topik: Atrial Fibrilasi, Subtopik: Penyebab Atrial Fibrilasi (AF) \n Fibrilasi atrium (AF) terjadi akibat adanya gangguan hantaran sinyal listrik di otot jantung. Akibatnya, denyut jantung menjadi tidak normal sehingga tidak memompa darah dengan optimal ke seluruh tubuh.\nGangguan hantran listrik ini diduga disebabkan oleh beberapa faktor berikut:\n- Konsumsi minuman berkafein atau beralkohol\n- Konsumsi obat-obatan batuk pilek\n\n- Kebiasaan merokok\n- Tekanan darah tinggi\n- Penyakit jantung koroner\n- Penyakit jantung bawaan\n- Kelainan katup jantung\n- Serangan jantung\n- Hipertiroidisme\n- Infeksi virus\n- Sleep apnea\n- Gangguan metabolik\n- Penyakit paru-paru\nSelain beberapa faktor di atas, terdapat kondisi lain yang dapat meningkatkan risiko seseorang terserang AF, yaitu:\n- Berusia lanjut\n- Menderita obesitas atau berat badan berlebih\n- Memiliki keluarga yang juga mengalami atrial fibrilasi\n', 'Topik: Atrial Fibrilasi, Subtopik: Pengertian Atrial Fibrilasi \n Fibrilasi atrium atau atrial fibrilasi (AF) adalah gangguan irama jantung yang ditandai dengan denyut jantung tidak beraturan dan cepat. Penderita atrial fibrilasi dapat merasakan gejala lemas, jantung berdebar, dan sesak napas.\nDenyut jantung yang normal berkisar antara 60  100 kali per menit dengan irama yang teratur. Pada penderita atrial fibrilasi, irama jantung menjadi tidak teratur dan bisa lebih dari 100 kali per menit.\n\nAtrial fibrilasi adalah salah satu jenis aritmia atau gangguan irama jantung. Gejalanya bisa hilang timbul, berlangsung lama, atau bahkan permanen. Apabila dibiarkan, atrial fibrilasi bisa mengakibatkan gagal jantung dan stroke.\n', 'Topik: Atrial Fibrilasi, Subtopik: Pengertian Atrial Fibrilasi \n Denyut jantung yang normal berkisar antara 60  100 kali per menit dengan irama yang teratur. Pada penderita atrial fibrilasi, irama jantung menjadi tidak teratur dan bisa lebih dari 100 kali per menit.\n\nAtrial fibrilasi adalah salah satu jenis aritmia atau gangguan irama jantung. Gejalanya bisa hilang timbul, berlangsung lama, atau bahkan permanen. Apabila dibiarkan, atrial fibrilasi bisa mengakibatkan gagal jantung dan stroke.\n']","Penyebab Atrial Fibrilasi (AF) meliputi faktor-faktor genetik, medis, sosial, dan lingkungan. Berikut penjelasan lebih lanjut mengenai beberapa penyebab atrial fibrilasi:\n\n1. Gangguan hantaran listrik di otot jantung: Pada AF, gangguan ini menyebabkan perubahan aliran sinyal elektrik di dalam jantung, yang mengakibatkan irama jantung menjadi tidur dan cepat (lebih dari 100 kali per menit).\n2. Konsumsi minuman berkafein atau beralkohol: Beberapa penelitian telah mendukung asosiasi antara penggunaan stimulan seperti kafein dan alcool dengan risiko terkena AF, meskipun faktor ini belum jelas.\n3. Konsumsi obat-obatan batuk pilek: Beberapa obat yang mengandung dekatagen atau antihistamin bisa mempengaruhi ritme jantung, tetapi risiko khususnya untuk AF tidak sepenuhnya diketahui.\n4. Berjalur merokok: Keguguran rokok dan beberapa komponen toksik yang terdapat dalam rokok bisa mempengaruhi fungsi jantung, tetapi hubungannya khusus dengan AF belum pasti.\n5. Tekanan darah tinggi: Tingginya tekanan darah dan obesitas juga dikaitkan dengan risiko terkena AF, meskipun faktor ini secara langsung tidak jelas.\n6. Penyakit jantung koroner: Jantung yang rusak akibat penyakit arteri pembuluh darah (jantung Koroner) bisa meningkatkan risiko terkena AF, karena merupakan pusat gangguan elektro fisik di dalam jantung.\n7. Penyakit jantung bawaan: Beberapa penyakit yang mengganggu fungsi jantung secara umum (congenital heart disease) juga dapat meningkatkan risiko terkena AF, meskipun hubungannya khusus belum dijelaskan sepenuhnya.\n8. Kelainan katup jantung: Gangguan pada katup jantung bisa menyebabkan tekanan yang tidak normal dalam sistem peredaran darah, yang bisa meningkatkan risiko terkena AF.\n9. Serangan jantung: Penyebab serangan jantung sendiri belum dijelaskan dengan jelas, tetapi risiko terkena AF mungkin lebih tinggi pada seseorang yang pernah mengalami serangan jantung.\n10. Hipertiroidisme: Peningkatan jumlah tahanan iodium dalam darah (hipertiroidisme) juga dapat meningkatkan risiko terkena AF, meskipun hubungan ini masih belum dijelaskan secara lengkap.\n11. Infeksi virus: Beberapa penelitian telah menggambarkan asosiasi antara infeksi virus kronis dan risiko terkena AF, tetapi faktor ini belum jelas.\n12. Sleep apnea: Penyebab seseorang mengalami sleep apnea bisa meningkatkan risiko terkena AF, meskipun hubungan antara keduanya tidak dijelaskan dengan lengkap.","Atrial fibrillation, or AFib, is a common type of irregular heartbeat. It occurs when the two upper chambers of the heart (the atria) beat chaotically and irregularly instead of beating in a coordinated fashion with the two lower chambers of the heart (the ventricles). The cause of atrial fibrillation can be multifactorial, involving both structural and electrical abnormalities within the heart.\n\nHere are some common causes of atrial fibrillation:\n\n1. Cardioembolic disease: This is when blood clots form in the atria due to the irregular heartbeat, which can then travel to other parts of the body such as the brain, causing a stroke.\n\n2. Hypertension (high blood pressure): Long-standing high blood pressure can damage the heart and lead to structural changes that may contribute to atrial fibrillation.\n\n3. Heart Failure: AFib is often seen in individuals with heart failure, particularly those who have had previous myocardial infarction or other forms of heart disease.\n\n4. Valvular heart disease: Conditions such as mitral valve stenosis or regurgitation can lead to atrial fibrillation over time due to the increased workload on the heart and potential blood stasis within the atria.\n\n5. Sleep apnea: Obstructive sleep apnea has been strongly associated with the development of AFib, possibly due to repeated episodes of low oxygen levels during sleep that can affect the heart's electrical system.\n\n6. Diabetes: This condition is also linked to an increased risk of developing atrial fibrillation.\n\n7. Age and Family History: The risk increases with age and may be higher in individuals whose family members have had AFib or other arrhythmias.\n\n8. Excessive Alcohol Use: Drinking large amounts of alcohol, particularly binge drinking, can trigger an episode of atrial fibrillation.\n\n9. Obesity: Being overweight is a significant risk factor for developing heart disease and related arrhythmias like AFib.\n\n10. Hyperthyroidism: An overactive thyroid gland can lead to changes in the electrical activity within the heart, which may contribute to the development of atrial fibrillation.\n\nIt's important to note that while these factors increase the risk of developing atrial fibrillation, many people with AFib have no identifiable cause. Lifestyle modifications such as regular exercise, a healthy diet, weight management, and avoiding risky substances like tobacco can help reduce the risk of developing heart rhythm disorders like AFib.",combination_8,mxbai-embed-large,deepseek-v2,True,0.0
